id Source Object,Schema Source Object,from,id Destination Object,Schema Destination Object,to
531,,Objd531,1,,Objd1
807,,Objd807,1,,Objd1
1042,,Objd1042,2,,Objd2
1059,,Objd1059,2,,Objd2
1104,,Objd1104,2,,Objd2
1120,,Objd1120,2,,Objd2
172,,Objd172,5,,Objd5
502,,Objd502,5,,Objd5
727,,Objd727,5,,Objd5
972,,Objd972,5,,Objd5
1527,,Objd1527,5,,Objd5
1613,,Objd1613,5,,Objd5
426,,Objd426,6,,Objd6
923,,Objd923,7,,Objd7
172,,Objd172,8,,Objd8
304,,Objd304,8,,Objd8
502,,Objd502,8,,Objd8
972,,Objd972,8,,Objd8
1124,,Objd1124,8,,Objd8
1527,,Objd1527,8,,Objd8
1117,,Objd1117,10,,Objd10
541,,Objd541,11,,Objd11
830,,Objd830,11,,Objd11
1611,,Objd1611,14,,Objd14
1072,,Objd1072,15,,Objd15
383,,Objd383,17,,Objd17
750,,Objd750,18,,Objd18
704,,Objd704,21,,Objd21
552,,Objd552,22,,Objd22
856,,Objd856,22,,Objd22
101,,Objd101,23,,Objd23
3,,Objd3,24,,Objd24
472,,Objd472,24,,Objd24
502,,Objd502,24,,Objd24
1222,,Objd1222,27,,Objd27
3,,Objd3,32,,Objd32
573,,Objd573,34,,Objd34
885,,Objd885,34,,Objd34
1611,,Objd1611,35,,Objd35
319,,Objd319,36,,Objd36
502,,Objd502,36,,Objd36
760,,Objd760,36,,Objd36
394,,Objd394,38,,Objd38
205,,Objd205,39,,Objd39
502,,Objd502,39,,Objd39
506,,Objd506,40,,Objd40
243,,Objd243,42,,Objd42
502,,Objd502,42,,Objd42
688,,Objd688,44,,Objd44
580,,Objd580,45,,Objd45
909,,Objd909,45,,Objd45
698,,Objd698,47,,Objd47
1479,,Objd1479,47,,Objd47
1527,,Objd1527,47,,Objd47
1611,,Objd1611,47,,Objd47
304,,Objd304,48,,Objd48
502,,Objd502,48,,Objd48
1233,,Objd1233,48,,Objd48
24,,Objd24,49,,Objd49
68,,Objd68,49,,Objd49
135,,Objd135,49,,Objd49
188,,Objd188,49,,Objd49
227,,Objd227,49,,Objd49
253,,Objd253,49,,Objd49
263,,Objd263,49,,Objd49
268,,Objd268,49,,Objd49
301,,Objd301,49,,Objd49
309,,Objd309,49,,Objd49
316,,Objd316,49,,Objd49
329,,Objd329,49,,Objd49
340,,Objd340,49,,Objd49
349,,Objd349,49,,Objd49
384,,Objd384,49,,Objd49
395,,Objd395,49,,Objd49
405,,Objd405,49,,Objd49
421,,Objd421,49,,Objd49
427,,Objd427,49,,Objd49
439,,Objd439,49,,Objd49
462,,Objd462,49,,Objd49
475,,Objd475,49,,Objd49
489,,Objd489,49,,Objd49
504,,Objd504,49,,Objd49
509,,Objd509,49,,Objd49
549,,Objd549,49,,Objd49
634,,Objd634,49,,Objd49
636,,Objd636,49,,Objd49
687,,Objd687,49,,Objd49
699,,Objd699,49,,Objd49
738,,Objd738,49,,Objd49
754,,Objd754,49,,Objd49
769,,Objd769,49,,Objd49
784,,Objd784,49,,Objd49
787,,Objd787,49,,Objd49
796,,Objd796,49,,Objd49
805,,Objd805,49,,Objd49
924,,Objd924,49,,Objd49
1155,,Objd1155,49,,Objd49
1219,,Objd1219,49,,Objd49
1234,,Objd1234,49,,Objd49
1252,,Objd1252,49,,Objd49
1333,,Objd1333,49,,Objd49
1385,,Objd1385,49,,Objd49
1394,,Objd1394,49,,Objd49
1404,,Objd1404,49,,Objd49
1448,,Objd1448,49,,Objd49
1481,,Objd1481,49,,Objd49
1519,,Objd1519,49,,Objd49
1557,,Objd1557,49,,Objd49
1561,,Objd1561,49,,Objd49
1597,,Objd1597,49,,Objd49
1601,,Objd1601,49,,Objd49
404,,Objd404,51,,Objd51
502,,Objd502,52,,Objd52
1578,,Objd1578,52,,Objd52
536,,Objd536,54,,Objd54
675,,Objd675,58,,Objd58
590,,Objd590,60,,Objd60
944,,Objd944,60,,Objd60
47,,Objd47,61,,Objd61
502,,Objd502,61,,Objd61
36,,Objd36,62,,Objd62
323,,Objd323,62,,Objd62
335,,Objd335,62,,Objd62
348,,Objd348,62,,Objd62
362,,Objd362,62,,Objd62
373,,Objd373,62,,Objd62
408,,Objd408,62,,Objd62
742,,Objd742,62,,Objd62
798,,Objd798,62,,Objd62
805,,Objd805,62,,Objd62
847,,Objd847,62,,Objd62
903,,Objd903,62,,Objd62
911,,Objd911,62,,Objd62
931,,Objd931,62,,Objd62
962,,Objd962,62,,Objd62
1030,,Objd1030,62,,Objd62
1091,,Objd1091,62,,Objd62
1154,,Objd1154,62,,Objd62
1217,,Objd1217,62,,Objd62
1280,,Objd1280,62,,Objd62
1332,,Objd1332,62,,Objd62
1374,,Objd1374,62,,Objd62
1444,,Objd1444,62,,Objd62
415,,Objd415,64,,Objd64
205,,Objd205,65,,Objd65
502,,Objd502,65,,Objd65
632,,Objd632,65,,Objd65
640,,Objd640,65,,Objd65
707,,Objd707,65,,Objd65
750,,Objd750,65,,Objd65
780,,Objd780,65,,Objd65
852,,Objd852,65,,Objd65
883,,Objd883,65,,Objd65
928,,Objd928,65,,Objd65
942,,Objd942,65,,Objd65
986,,Objd986,65,,Objd65
1578,,Objd1578,65,,Objd65
570,,Objd570,66,,Objd66
19,,Objd19,68,,Objd68
221,,Objd221,68,,Objd68
502,,Objd502,68,,Objd68
663,,Objd663,70,,Objd70
606,,Objd606,71,,Objd71
968,,Objd968,71,,Objd71
750,,Objd750,72,,Objd72
1479,,Objd1479,72,,Objd72
304,,Objd304,73,,Objd73
502,,Objd502,73,,Objd73
791,,Objd791,76,,Objd76
163,,Objd163,80,,Objd80
617,,Objd617,81,,Objd81
988,,Objd988,81,,Objd81
12,,Objd12,82,,Objd82
297,,Objd297,82,,Objd82
332,,Objd332,82,,Objd82
502,,Objd502,82,,Objd82
563,,Objd563,82,,Objd82
652,,Objd652,82,,Objd82
304,,Objd304,83,,Objd83
502,,Objd502,83,,Objd83
515,,Objd515,84,,Objd84
525,,Objd525,84,,Objd84
534,,Objd534,84,,Objd84
546,,Objd546,84,,Objd84
559,,Objd559,84,,Objd84
568,,Objd568,84,,Objd84
577,,Objd577,84,,Objd84
585,,Objd585,84,,Objd84
599,,Objd599,84,,Objd84
703,,Objd703,84,,Objd84
759,,Objd759,84,,Objd84
812,,Objd812,84,,Objd84
843,,Objd843,84,,Objd84
862,,Objd862,84,,Objd84
918,,Objd918,84,,Objd84
974,,Objd974,84,,Objd84
1046,,Objd1046,84,,Objd84
1107,,Objd1107,84,,Objd84
1173,,Objd1173,84,,Objd84
1232,,Objd1232,84,,Objd84
1295,,Objd1295,84,,Objd84
1343,,Objd1343,84,,Objd84
28,,Objd28,86,,Objd86
502,,Objd502,87,,Objd87
780,,Objd780,87,,Objd87
852,,Objd852,87,,Objd87
1578,,Objd1578,87,,Objd87
780,,Objd780,89,,Objd89
760,,Objd760,92,,Objd92
629,,Objd629,93,,Objd93
1022,,Objd1022,93,,Objd93
304,,Objd304,95,,Objd95
502,,Objd502,95,,Objd95
1233,,Objd1233,95,,Objd95
77,,Objd77,97,,Objd97
907,,Objd907,102,,Objd102
718,,Objd718,105,,Objd105
1,,Objd1,106,,Objd106
11,,Objd11,106,,Objd106
22,,Objd22,106,,Objd106
34,,Objd34,106,,Objd106
42,,Objd42,106,,Objd106
45,,Objd45,106,,Objd106
60,,Objd60,106,,Objd106
71,,Objd71,106,,Objd106
81,,Objd81,106,,Objd106
93,,Objd93,106,,Objd106
333,,Objd333,106,,Objd106
805,,Objd805,106,,Objd106
1554,,Objd1554,106,,Objd106
1563,,Objd1563,106,,Objd106
1577,,Objd1577,106,,Objd106
1589,,Objd1589,106,,Objd106
1599,,Objd1599,106,,Objd106
1609,,Objd1609,106,,Objd106
304,,Objd304,107,,Objd107
502,,Objd502,107,,Objd107
760,,Objd760,107,,Objd107
849,,Objd849,110,,Objd110
326,,Objd326,111,,Objd111
350,,Objd350,111,,Objd111
678,,Objd678,111,,Objd111
1191,,Objd1191,111,,Objd111
1164,,Objd1164,112,,Objd112
1423,,Objd1423,115,,Objd115
623,,Objd623,118,,Objd118
637,,Objd637,118,,Objd118
675,,Objd675,118,,Objd118
324,,Objd324,119,,Objd119
502,,Objd502,119,,Objd119
865,,Objd865,119,,Objd119
953,,Objd953,119,,Objd119
1081,,Objd1081,119,,Objd119
33,,Objd33,121,,Objd121
690,,Objd690,121,,Objd121
790,,Objd790,121,,Objd121
805,,Objd805,121,,Objd121
1285,,Objd1285,122,,Objd122
55,,Objd55,124,,Objd124
67,,Objd67,124,,Objd124
891,,Objd891,124,,Objd124
1529,,Objd1529,125,,Objd125
1467,,Objd1467,127,,Objd127
98,,Objd98,131,,Objd131
194,,Objd194,134,,Objd134
129,,Objd129,135,,Objd135
502,,Objd502,135,,Objd135
1393,,Objd1393,135,,Objd135
801,,Objd801,136,,Objd136
78,,Objd78,138,,Objd138
1485,,Objd1485,138,,Objd138
1518,,Objd1518,139,,Objd139
55,,Objd55,140,,Objd140
1595,,Objd1595,140,,Objd140
343,,Objd343,143,,Objd143
12,,Objd12,145,,Objd145
502,,Objd502,145,,Objd145
1578,,Objd1578,145,,Objd145
1590,,Objd1590,145,,Objd145
205,,Objd205,146,,Objd146
502,,Objd502,146,,Objd146
614,,Objd614,146,,Objd146
1578,,Objd1578,146,,Objd146
650,,Objd650,148,,Objd148
483,,Objd483,150,,Objd150
42,,Objd42,151,,Objd151
138,,Objd138,151,,Objd151
333,,Objd333,151,,Objd151
805,,Objd805,151,,Objd151
12,,Objd12,155,,Objd155
33,,Objd33,155,,Objd155
502,,Objd502,155,,Objd155
506,,Objd506,155,,Objd155
602,,Objd602,155,,Objd155
640,,Objd640,155,,Objd155
667,,Objd667,155,,Objd155
691,,Objd691,155,,Objd155
750,,Objd750,155,,Objd155
780,,Objd780,155,,Objd155
804,,Objd804,155,,Objd155
828,,Objd828,155,,Objd155
852,,Objd852,155,,Objd155
883,,Objd883,155,,Objd155
907,,Objd907,155,,Objd155
928,,Objd928,155,,Objd155
1578,,Objd1578,155,,Objd155
205,,Objd205,158,,Objd158
502,,Objd502,159,,Objd159
554,,Objd554,159,,Objd159
760,,Objd760,159,,Objd159
824,,Objd824,159,,Objd159
836,,Objd836,159,,Objd159
858,,Objd858,159,,Objd159
863,,Objd863,159,,Objd159
877,,Objd877,159,,Objd159
1062,,Objd1062,159,,Objd159
1189,,Objd1189,159,,Objd159
142,,Objd142,161,,Objd161
172,,Objd172,162,,Objd162
246,,Objd246,162,,Objd162
304,,Objd304,162,,Objd162
502,,Objd502,162,,Objd162
692,,Objd692,162,,Objd162
972,,Objd972,162,,Objd162
1527,,Objd1527,162,,Objd162
779,,Objd779,164,,Objd164
9,,Objd9,165,,Objd165
29,,Objd29,165,,Objd165
55,,Objd55,165,,Objd165
498,,Objd498,165,,Objd165
632,,Objd632,165,,Objd165
942,,Objd942,165,,Objd165
956,,Objd956,165,,Objd165
986,,Objd986,165,,Objd165
1007,,Objd1007,165,,Objd165
1020,,Objd1020,165,,Objd165
1606,,Objd1606,165,,Objd165
200,,Objd200,166,,Objd166
502,,Objd502,166,,Objd166
654,,Objd654,166,,Objd166
33,,Objd33,167,,Objd167
502,,Objd502,167,,Objd167
833,,Objd833,167,,Objd167
1103,,Objd1103,167,,Objd167
1124,,Objd1124,167,,Objd167
1151,,Objd1151,167,,Objd167
1169,,Objd1169,167,,Objd167
1293,,Objd1293,167,,Objd167
1372,,Objd1372,167,,Objd167
155,,Objd155,169,,Objd169
502,,Objd502,169,,Objd169
1548,,Objd1548,169,,Objd169
1201,,Objd1201,173,,Objd173
502,,Objd502,174,,Objd174
554,,Objd554,174,,Objd174
760,,Objd760,174,,Objd174
824,,Objd824,174,,Objd174
836,,Objd836,174,,Objd174
858,,Objd858,174,,Objd174
863,,Objd863,174,,Objd174
877,,Objd877,174,,Objd174
1062,,Objd1062,174,,Objd174
1189,,Objd1189,174,,Objd174
154,,Objd154,176,,Objd176
928,,Objd928,178,,Objd178
172,,Objd172,180,,Objd180
205,,Objd205,180,,Objd180
304,,Objd304,180,,Objd180
321,,Objd321,180,,Objd180
332,,Objd332,180,,Objd180
502,,Objd502,180,,Objd180
1527,,Objd1527,180,,Objd180
1578,,Objd1578,180,,Objd180
502,,Objd502,185,,Objd185
554,,Objd554,185,,Objd185
760,,Objd760,185,,Objd185
824,,Objd824,185,,Objd185
836,,Objd836,185,,Objd185
858,,Objd858,185,,Objd185
863,,Objd863,185,,Objd185
877,,Objd877,185,,Objd185
1062,,Objd1062,185,,Objd185
1189,,Objd1189,185,,Objd185
527,,Objd527,187,,Objd187
163,,Objd163,188,,Objd188
502,,Objd502,188,,Objd188
766,,Objd766,188,,Objd188
33,,Objd33,190,,Objd190
264,,Objd264,190,,Objd190
502,,Objd502,190,,Objd190
506,,Objd506,190,,Objd190
632,,Objd632,190,,Objd190
691,,Objd691,190,,Objd190
692,,Objd692,190,,Objd190
750,,Objd750,190,,Objd190
780,,Objd780,190,,Objd190
804,,Objd804,190,,Objd190
828,,Objd828,190,,Objd190
852,,Objd852,190,,Objd190
1025,,Objd1025,190,,Objd190
1527,,Objd1527,190,,Objd190
1578,,Objd1578,190,,Objd190
1378,,Objd1378,191,,Objd191
1583,,Objd1583,197,,Objd197
561,,Objd561,198,,Objd198
33,,Objd33,201,,Objd201
304,,Objd304,201,,Objd201
502,,Objd502,201,,Objd201
1233,,Objd1233,201,,Objd201
1583,,Objd1583,207,,Objd207
643,,Objd643,208,,Objd208
502,,Objd502,211,,Objd211
640,,Objd640,211,,Objd211
707,,Objd707,211,,Objd211
502,,Objd502,212,,Objd212
766,,Objd766,212,,Objd212
779,,Objd779,212,,Objd212
1583,,Objd1583,215,,Objd215
98,,Objd98,216,,Objd216
502,,Objd502,219,,Objd219
817,,Objd817,219,,Objd219
827,,Objd827,219,,Objd219
1583,,Objd1583,225,,Objd225
210,,Objd210,227,,Objd227
502,,Objd502,227,,Objd227
817,,Objd817,227,,Objd227
502,,Objd502,229,,Objd229
867,,Objd867,229,,Objd229
882,,Objd882,229,,Objd229
55,,Objd55,230,,Objd230
498,,Objd498,230,,Objd230
502,,Objd502,230,,Objd230
632,,Objd632,230,,Objd230
891,,Objd891,230,,Objd230
942,,Objd942,230,,Objd230
986,,Objd986,230,,Objd230
1007,,Objd1007,230,,Objd230
641,,Objd641,232,,Objd232
1583,,Objd1583,236,,Objd236
502,,Objd502,240,,Objd240
927,,Objd927,240,,Objd240
941,,Objd941,240,,Objd240
668,,Objd668,242,,Objd242
205,,Objd205,245,,Objd245
424,,Objd424,245,,Objd245
502,,Objd502,248,,Objd248
984,,Objd984,248,,Objd248
1005,,Objd1005,248,,Objd248
694,,Objd694,251,,Objd251
502,,Objd502,253,,Objd253
938,,Objd938,253,,Objd253
1060,,Objd1060,253,,Objd253
840,,Objd840,256,,Objd256
502,,Objd502,260,,Objd260
1052,,Objd1052,260,,Objd260
1079,,Objd1079,260,,Objd260
725,,Objd725,261,,Objd261
243,,Objd243,262,,Objd262
502,,Objd502,263,,Objd263
978,,Objd978,263,,Objd263
1089,,Objd1089,263,,Objd263
1595,,Objd1595,266,,Objd266
325,,Objd325,267,,Objd267
502,,Objd502,267,,Objd267
833,,Objd833,267,,Objd267
859,,Objd859,267,,Objd267
872,,Objd872,267,,Objd267
888,,Objd888,267,,Objd267
1124,,Objd1124,267,,Objd267
1151,,Objd1151,267,,Objd267
1293,,Objd1293,267,,Objd267
1372,,Objd1372,267,,Objd267
246,,Objd246,268,,Objd268
502,,Objd502,268,,Objd268
867,,Objd867,268,,Objd268
502,,Objd502,270,,Objd270
1143,,Objd1143,270,,Objd270
1160,,Objd1160,270,,Objd270
752,,Objd752,272,,Objd272
280,,Objd280,275,,Objd275
912,,Objd912,275,,Objd275
932,,Objd932,275,,Objd275
947,,Objd947,275,,Objd275
959,,Objd959,275,,Objd275
970,,Objd970,275,,Objd275
990,,Objd990,275,,Objd275
1012,,Objd1012,275,,Objd275
1026,,Objd1026,275,,Objd275
1040,,Objd1040,275,,Objd275
1057,,Objd1057,275,,Objd275
1071,,Objd1071,275,,Objd275
1087,,Objd1087,275,,Objd275
1102,,Objd1102,275,,Objd275
1118,,Objd1118,275,,Objd275
1135,,Objd1135,275,,Objd275
1150,,Objd1150,275,,Objd275
1168,,Objd1168,275,,Objd275
1185,,Objd1185,275,,Objd275
1199,,Objd1199,275,,Objd275
1213,,Objd1213,275,,Objd275
1227,,Objd1227,275,,Objd275
1246,,Objd1246,275,,Objd275
1263,,Objd1263,275,,Objd275
1276,,Objd1276,275,,Objd275
1292,,Objd1292,275,,Objd275
1307,,Objd1307,275,,Objd275
1317,,Objd1317,275,,Objd275
1329,,Objd1329,275,,Objd275
1341,,Objd1341,275,,Objd275
1349,,Objd1349,275,,Objd275
1359,,Objd1359,275,,Objd275
1371,,Objd1371,275,,Objd275
1382,,Objd1382,275,,Objd275
1392,,Objd1392,275,,Objd275
1400,,Objd1400,275,,Objd275
1410,,Objd1410,275,,Objd275
1421,,Objd1421,275,,Objd275
1434,,Objd1434,275,,Objd275
1445,,Objd1445,275,,Objd275
1456,,Objd1456,275,,Objd275
1466,,Objd1466,275,,Objd275
1474,,Objd1474,275,,Objd275
1480,,Objd1480,275,,Objd275
1489,,Objd1489,275,,Objd275
1498,,Objd1498,275,,Objd275
1506,,Objd1506,275,,Objd275
1517,,Objd1517,275,,Objd275
1528,,Objd1528,275,,Objd275
1538,,Objd1538,275,,Objd275
1546,,Objd1546,275,,Objd275
1555,,Objd1555,275,,Objd275
1564,,Objd1564,275,,Objd275
1579,,Objd1579,275,,Objd275
1591,,Objd1591,275,,Objd275
502,,Objd502,276,,Objd276
1208,,Objd1208,276,,Objd276
1222,,Objd1222,276,,Objd276
782,,Objd782,278,,Objd278
98,,Objd98,281,,Objd281
502,,Objd502,285,,Objd285
1269,,Objd1269,285,,Objd285
1285,,Objd1285,285,,Objd285
177,,Objd177,286,,Objd286
326,,Objd326,286,,Objd286
350,,Objd350,286,,Objd286
678,,Objd678,286,,Objd286
1191,,Objd1191,286,,Objd286
33,,Objd33,287,,Objd287
94,,Objd94,287,,Objd287
172,,Objd172,287,,Objd287
502,,Objd502,287,,Objd287
692,,Objd692,287,,Objd287
698,,Objd698,287,,Objd287
727,,Objd727,287,,Objd287
972,,Objd972,287,,Objd287
1124,,Objd1124,287,,Objd287
1527,,Objd1527,287,,Objd287
94,,Objd94,290,,Objd290
129,,Objd129,290,,Objd290
172,,Objd172,290,,Objd290
1583,,Objd1583,290,,Objd290
888,,Objd888,291,,Objd291
1058,,Objd1058,291,,Objd291
972,,Objd972,292,,Objd292
502,,Objd502,295,,Objd295
1324,,Objd1324,295,,Objd295
1337,,Objd1337,295,,Objd295
807,,Objd807,296,,Objd296
502,,Objd502,298,,Objd298
640,,Objd640,298,,Objd298
1384,,Objd1384,298,,Objd298
304,,Objd304,300,,Objd300
502,,Objd502,300,,Objd300
853,,Objd853,300,,Objd300
284,,Objd284,301,,Objd301
502,,Objd502,301,,Objd301
927,,Objd927,301,,Objd301
259,,Objd259,305,,Objd305
269,,Objd269,305,,Objd305
502,,Objd502,305,,Objd305
830,,Objd830,308,,Objd308
172,,Objd172,309,,Objd309
502,,Objd502,309,,Objd309
1384,,Objd1384,309,,Objd309
257,,Objd257,312,,Objd312
273,,Objd273,312,,Objd312
502,,Objd502,312,,Objd312
1450,,Objd1450,312,,Objd312
294,,Objd294,315,,Objd315
303,,Objd303,315,,Objd315
502,,Objd502,315,,Objd315
104,,Objd104,316,,Objd316
502,,Objd502,316,,Objd316
1527,,Objd1527,316,,Objd316
79,,Objd79,317,,Objd317
502,,Objd502,317,,Objd317
506,,Objd506,317,,Objd317
856,,Objd856,318,,Objd318
331,,Objd331,323,,Objd323
502,,Objd502,323,,Objd323
799,,Objd799,323,,Objd323
502,,Objd502,324,,Objd324
804,,Objd804,324,,Objd324
865,,Objd865,324,,Objd324
894,,Objd894,324,,Objd324
923,,Objd923,324,,Objd324
953,,Objd953,324,,Objd324
338,,Objd338,328,,Objd328
352,,Objd352,328,,Objd328
502,,Objd502,328,,Objd328
502,,Objd502,329,,Objd329
690,,Objd690,329,,Objd329
1056,,Objd1056,329,,Objd329
358,,Objd358,335,,Objd335
502,,Objd502,335,,Objd335
824,,Objd824,335,,Objd335
389,,Objd389,339,,Objd339
399,,Objd399,339,,Objd339
502,,Objd502,339,,Objd339
69,,Objd69,340,,Objd340
502,,Objd502,340,,Objd340
1479,,Objd1479,340,,Objd340
909,,Objd909,341,,Objd341
370,,Objd370,348,,Objd348
502,,Objd502,348,,Objd348
836,,Objd836,348,,Objd348
325,,Objd325,349,,Objd349
502,,Objd502,349,,Objd349
984,,Objd984,349,,Objd349
304,,Objd304,353,,Objd353
502,,Objd502,353,,Objd353
1296,,Objd1296,353,,Objd353
435,,Objd435,354,,Objd354
446,,Objd446,354,,Objd354
502,,Objd502,354,,Objd354
114,,Objd114,355,,Objd355
502,,Objd502,355,,Objd355
602,,Objd602,355,,Objd355
944,,Objd944,357,,Objd357
885,,Objd885,359,,Objd359
426,,Objd426,362,,Objd362
502,,Objd502,362,,Objd362
863,,Objd863,362,,Objd362
502,,Objd502,363,,Objd363
1450,,Objd1450,363,,Objd363
472,,Objd472,366,,Objd366
483,,Objd483,366,,Objd366
502,,Objd502,366,,Objd366
20,,Objd20,368,,Objd368
502,,Objd502,368,,Objd368
865,,Objd865,368,,Objd368
968,,Objd968,369,,Objd369
383,,Objd383,373,,Objd373
502,,Objd502,373,,Objd373
877,,Objd877,373,,Objd373
998,,Objd998,374,,Objd374
502,,Objd502,377,,Objd377
527,,Objd527,377,,Objd377
536,,Objd536,377,,Objd377
33,,Objd33,378,,Objd378
258,,Objd258,378,,Objd378
502,,Objd502,378,,Objd378
833,,Objd833,378,,Objd378
1025,,Objd1025,378,,Objd378
1103,,Objd1103,378,,Objd378
1124,,Objd1124,378,,Objd378
1151,,Objd1151,378,,Objd378
1169,,Objd1169,378,,Objd378
1293,,Objd1293,378,,Objd378
1372,,Objd1372,378,,Objd378
126,,Objd126,379,,Objd379
502,,Objd502,379,,Objd379
894,,Objd894,379,,Objd379
304,,Objd304,380,,Objd380
502,,Objd502,380,,Objd380
780,,Objd780,380,,Objd380
865,,Objd865,380,,Objd380
894,,Objd894,380,,Objd380
923,,Objd923,380,,Objd380
988,,Objd988,382,,Objd382
264,,Objd264,384,,Objd384
502,,Objd502,384,,Objd384
1483,,Objd1483,384,,Objd384
502,,Objd502,385,,Objd385
700,,Objd700,385,,Objd385
502,,Objd502,391,,Objd391
561,,Objd561,391,,Objd391
570,,Objd570,391,,Objd391
142,,Objd142,392,,Objd392
502,,Objd502,392,,Objd392
923,,Objd923,392,,Objd392
1022,,Objd1022,393,,Objd393
288,,Objd288,395,,Objd395
502,,Objd502,395,,Objd395
561,,Objd561,395,,Objd395
304,,Objd304,398,,Objd398
502,,Objd502,398,,Objd398
712,,Objd712,398,,Objd398
865,,Objd865,398,,Objd398
923,,Objd923,398,,Objd398
972,,Objd972,398,,Objd398
1124,,Objd1124,398,,Objd398
1233,,Objd1233,398,,Objd398
502,,Objd502,401,,Objd401
601,,Objd601,401,,Objd401
614,,Objd614,401,,Objd401
154,,Objd154,402,,Objd402
502,,Objd502,402,,Objd402
953,,Objd953,402,,Objd402
79,,Objd79,405,,Objd405
502,,Objd502,405,,Objd405
698,,Objd698,405,,Objd405
387,,Objd387,406,,Objd406
342,,Objd342,408,,Objd408
502,,Objd502,408,,Objd408
813,,Objd813,408,,Objd408
59,,Objd59,409,,Objd409
502,,Objd502,409,,Objd409
640,,Objd640,409,,Objd409
387,,Objd387,410,,Objd410
502,,Objd502,412,,Objd412
650,,Objd650,412,,Objd412
665,,Objd665,412,,Objd412
304,,Objd304,414,,Objd414
502,,Objd502,414,,Objd414
780,,Objd780,414,,Objd414
865,,Objd865,414,,Objd414
894,,Objd894,414,,Objd414
923,,Objd923,414,,Objd414
346,,Objd346,417,,Objd417
177,,Objd177,419,,Objd419
502,,Objd502,419,,Objd419
743,,Objd743,419,,Objd419
59,,Objd59,420,,Objd420
502,,Objd502,420,,Objd420
640,,Objd640,420,,Objd420
386,,Objd386,421,,Objd421
502,,Objd502,421,,Objd421
1052,,Objd1052,421,,Objd421
502,,Objd502,423,,Objd423
690,,Objd690,423,,Objd423
706,,Objd706,423,,Objd423
250,,Objd250,425,,Objd425
356,,Objd356,425,,Objd425
502,,Objd502,425,,Objd425
120,,Objd120,427,,Objd427
279,,Objd279,427,,Objd427
502,,Objd502,427,,Objd427
345,,Objd345,428,,Objd428
346,,Objd346,429,,Objd429
360,,Objd360,429,,Objd429
502,,Objd502,429,,Objd429
189,,Objd189,431,,Objd431
502,,Objd502,431,,Objd431
719,,Objd719,431,,Objd431
209,,Objd209,432,,Objd432
502,,Objd502,432,,Objd432
640,,Objd640,432,,Objd432
1494,,Objd1494,432,,Objd432
202,,Objd202,436,,Objd436
1578,,Objd1578,436,,Objd436
502,,Objd502,437,,Objd437
745,,Objd745,437,,Objd437
762,,Objd762,437,,Objd437
306,,Objd306,438,,Objd438
381,,Objd381,438,,Objd438
502,,Objd502,438,,Objd438
109,,Objd109,439,,Objd439
252,,Objd252,439,,Objd439
502,,Objd502,439,,Objd439
646,,Objd646,440,,Objd440
336,,Objd336,442,,Objd442
502,,Objd502,442,,Objd442
704,,Objd704,442,,Objd442
12,,Objd12,443,,Objd443
33,,Objd33,443,,Objd443
205,,Objd205,443,,Objd443
217,,Objd217,443,,Objd443
237,,Objd237,443,,Objd443
502,,Objd502,443,,Objd443
640,,Objd640,443,,Objd443
205,,Objd205,447,,Objd447
1422,,Objd1422,447,,Objd447
502,,Objd502,448,,Objd448
790,,Objd790,448,,Objd448
801,,Objd801,448,,Objd448
213,,Objd213,449,,Objd449
502,,Objd502,449,,Objd449
1610,,Objd1610,449,,Objd449
306,,Objd306,450,,Objd450
403,,Objd403,450,,Objd450
502,,Objd502,450,,Objd450
33,,Objd33,452,,Objd452
172,,Objd172,452,,Objd452
204,,Objd204,452,,Objd452
234,,Objd234,452,,Objd452
264,,Objd264,452,,Objd452
288,,Objd288,452,,Objd452
321,,Objd321,452,,Objd452
360,,Objd360,452,,Objd452
458,,Objd458,452,,Objd452
502,,Objd502,452,,Objd452
672,,Objd672,452,,Objd452
727,,Objd727,452,,Objd452
799,,Objd799,452,,Objd452
836,,Objd836,452,,Objd452
863,,Objd863,452,,Objd452
972,,Objd972,452,,Objd452
1025,,Objd1025,452,,Objd452
1124,,Objd1124,452,,Objd452
1139,,Objd1139,452,,Objd452
1527,,Objd1527,452,,Objd452
502,,Objd502,455,,Objd455
838,,Objd838,455,,Objd455
849,,Objd849,455,,Objd455
250,,Objd250,456,,Objd456
330,,Objd330,456,,Objd456
502,,Objd502,456,,Objd456
31,,Objd31,457,,Objd457
502,,Objd502,457,,Objd457
1590,,Objd1590,457,,Objd457
502,,Objd502,459,,Objd459
1101,,Objd1101,459,,Objd459
1117,,Objd1117,459,,Objd459
444,,Objd444,462,,Objd462
502,,Objd502,462,,Objd462
1143,,Objd1143,462,,Objd462
502,,Objd502,464,,Objd464
879,,Objd879,464,,Objd464
893,,Objd893,464,,Objd464
502,,Objd502,466,,Objd466
698,,Objd698,466,,Objd466
1479,,Objd1479,466,,Objd466
1527,,Objd1527,466,,Objd466
1578,,Objd1578,466,,Objd466
406,,Objd406,467,,Objd467
350,,Objd350,469,,Objd469
502,,Objd502,469,,Objd469
675,,Objd675,469,,Objd469
502,,Objd502,473,,Objd473
938,,Objd938,473,,Objd473
952,,Objd952,473,,Objd473
94,,Objd94,475,,Objd475
502,,Objd502,475,,Objd475
879,,Objd879,475,,Objd475
502,,Objd502,478,,Objd478
698,,Objd698,478,,Objd478
1479,,Objd1479,478,,Objd478
1527,,Objd1527,478,,Objd478
1578,,Objd1578,478,,Objd478
502,,Objd502,479,,Objd479
692,,Objd692,479,,Objd479
1025,,Objd1025,479,,Objd479
1293,,Objd1293,479,,Objd479
1372,,Objd1372,479,,Objd479
502,,Objd502,484,,Objd484
978,,Objd978,484,,Objd484
999,,Objd999,484,,Objd484
502,,Objd502,487,,Objd487
780,,Objd780,487,,Objd487
852,,Objd852,487,,Objd487
1578,,Objd1578,487,,Objd487
128,,Objd128,488,,Objd488
172,,Objd172,488,,Objd488
502,,Objd502,488,,Objd488
640,,Objd640,488,,Objd488
1514,,Objd1514,488,,Objd488
46,,Objd46,489,,Objd489
57,,Objd57,489,,Objd489
502,,Objd502,489,,Objd489
502,,Objd502,491,,Objd491
1479,,Objd1479,491,,Objd491
1527,,Objd1527,491,,Objd491
1578,,Objd1578,491,,Objd491
247,,Objd247,493,,Objd493
502,,Objd502,493,,Objd493
663,,Objd663,493,,Objd493
502,,Objd502,496,,Objd496
1366,,Objd1366,496,,Objd496
1378,,Objd1378,496,,Objd496
426,,Objd426,497,,Objd497
498,,Objd498,497,,Objd497
502,,Objd502,497,,Objd497
458,,Objd458,500,,Objd500
502,,Objd502,500,,Objd500
502,,Objd502,501,,Objd501
1479,,Objd1479,501,,Objd501
1527,,Objd1527,501,,Objd501
1578,,Objd1578,501,,Objd501
481,,Objd481,504,,Objd504
502,,Objd502,504,,Objd504
1208,,Objd1208,504,,Objd504
502,,Objd502,507,,Objd507
1407,,Objd1407,507,,Objd507
1416,,Objd1416,507,,Objd507
485,,Objd485,508,,Objd508
12,,Objd12,509,,Objd509
502,,Objd502,509,,Objd509
601,,Objd601,509,,Objd509
502,,Objd502,511,,Objd511
1259,,Objd1259,511,,Objd511
33,,Objd33,513,,Objd513
502,,Objd502,513,,Objd513
640,,Objd640,513,,Objd513
646,,Objd646,514,,Objd514
319,,Objd319,517,,Objd517
502,,Objd502,517,,Objd517
928,,Objd928,517,,Objd517
502,,Objd502,518,,Objd518
1452,,Objd1452,518,,Objd518
1463,,Objd1463,518,,Objd518
367,,Objd367,519,,Objd519
771,,Objd771,521,,Objd521
59,,Objd59,523,,Objd523
209,,Objd209,523,,Objd523
502,,Objd502,523,,Objd523
640,,Objd640,523,,Objd523
502,,Objd502,524,,Objd524
1170,,Objd1170,524,,Objd524
502,,Objd502,528,,Objd528
1486,,Objd1486,528,,Objd528
1496,,Objd1496,528,,Objd528
190,,Objd190,530,,Objd530
1236,,Objd1236,530,,Objd530
1596,,Objd1596,530,,Objd530
771,,Objd771,532,,Objd532
502,,Objd502,537,,Objd537
1522,,Objd1522,537,,Objd537
1533,,Objd1533,537,,Objd537
502,,Objd502,539,,Objd539
1560,,Objd1560,539,,Objd539
1606,,Objd1606,539,,Objd539
128,,Objd128,540,,Objd540
156,,Objd156,540,,Objd540
1103,,Objd1103,542,,Objd542
1611,,Objd1611,543,,Objd543
205,,Objd205,545,,Objd545
502,,Objd502,548,,Objd548
1559,,Objd1559,548,,Objd548
1573,,Objd1573,548,,Objd548
502,,Objd502,549,,Objd549
529,,Objd529,549,,Objd549
538,,Objd538,549,,Objd549
9,,Objd9,550,,Objd550
502,,Objd502,550,,Objd550
1574,,Objd1574,550,,Objd550
204,,Objd204,551,,Objd551
1103,,Objd1103,553,,Objd553
304,,Objd304,555,,Objd555
502,,Objd502,555,,Objd555
712,,Objd712,555,,Objd555
9,,Objd9,556,,Objd556
29,,Objd29,556,,Objd556
55,,Objd55,556,,Objd556
498,,Objd498,556,,Objd556
502,,Objd502,556,,Objd556
632,,Objd632,556,,Objd556
942,,Objd942,556,,Objd556
956,,Objd956,556,,Objd556
986,,Objd986,556,,Objd556
1007,,Objd1007,556,,Objd556
1020,,Objd1020,556,,Objd556
1606,,Objd1606,556,,Objd556
610,,Objd610,558,,Objd558
502,,Objd502,562,,Objd562
1605,,Objd1605,562,,Objd562
1616,,Objd1616,562,,Objd562
29,,Objd29,564,,Objd564
502,,Objd502,564,,Objd564
1587,,Objd1587,564,,Objd564
1169,,Objd1169,565,,Objd565
620,,Objd620,567,,Objd567
28,,Objd28,571,,Objd571
41,,Objd41,571,,Objd571
502,,Objd502,571,,Objd571
628,,Objd628,572,,Objd572
655,,Objd655,572,,Objd572
1169,,Objd1169,574,,Objd574
633,,Objd633,576,,Objd576
77,,Objd77,579,,Objd579
90,,Objd90,579,,Objd579
502,,Objd502,579,,Objd579
888,,Objd888,581,,Objd581
645,,Objd645,583,,Objd583
12,,Objd12,584,,Objd584
33,,Objd33,584,,Objd584
304,,Objd304,584,,Objd584
502,,Objd502,584,,Objd584
614,,Objd614,584,,Objd584
750,,Objd750,584,,Objd584
780,,Objd780,584,,Objd584
866,,Objd866,584,,Objd584
1067,,Objd1067,584,,Objd584
1479,,Objd1479,584,,Objd584
1527,,Objd1527,584,,Objd584
1578,,Objd1578,584,,Objd584
33,,Objd33,587,,Objd587
258,,Objd258,587,,Objd587
502,,Objd502,587,,Objd587
833,,Objd833,587,,Objd587
1103,,Objd1103,587,,Objd587
1124,,Objd1124,587,,Objd587
1151,,Objd1151,587,,Objd587
1169,,Objd1169,587,,Objd587
1293,,Objd1293,587,,Objd587
1372,,Objd1372,587,,Objd587
123,,Objd123,588,,Objd588
137,,Objd137,588,,Objd588
502,,Objd502,588,,Objd588
888,,Objd888,591,,Objd591
1605,,Objd1605,592,,Objd592
304,,Objd304,595,,Objd595
502,,Objd502,595,,Objd595
502,,Objd502,596,,Objd596
972,,Objd972,596,,Objd596
1124,,Objd1124,596,,Objd596
1167,,Objd1167,596,,Objd596
658,,Objd658,597,,Objd597
179,,Objd179,603,,Objd603
192,,Objd192,603,,Objd603
502,,Objd502,603,,Objd603
12,,Objd12,604,,Objd604
502,,Objd502,604,,Objd604
129,,Objd129,605,,Objd605
172,,Objd172,605,,Objd605
205,,Objd205,605,,Objd605
502,,Objd502,605,,Objd605
1080,,Objd1080,605,,Objd605
4,,Objd4,607,,Objd607
610,,Objd610,607,,Objd607
12,,Objd12,609,,Objd609
502,,Objd502,609,,Objd609
1578,,Objd1578,609,,Objd609
1590,,Objd1590,609,,Objd609
671,,Objd671,611,,Objd611
218,,Objd218,615,,Objd615
228,,Objd228,615,,Objd615
502,,Objd502,615,,Objd615
16,,Objd16,618,,Objd618
620,,Objd620,618,,Objd618
683,,Objd683,621,,Objd621
33,,Objd33,625,,Objd625
833,,Objd833,625,,Objd625
1103,,Objd1103,625,,Objd625
1151,,Objd1151,625,,Objd625
1169,,Objd1169,625,,Objd625
1372,,Objd1372,625,,Objd625
502,,Objd502,627,,Objd627
698,,Objd698,627,,Objd627
715,,Objd715,627,,Objd627
865,,Objd865,627,,Objd627
894,,Objd894,627,,Objd627
923,,Objd923,627,,Objd627
953,,Objd953,627,,Objd627
1527,,Objd1527,627,,Objd627
252,,Objd252,628,,Objd628
502,,Objd502,628,,Objd628
25,,Objd25,630,,Objd630
633,,Objd633,630,,Objd630
43,,Objd43,634,,Objd634
502,,Objd502,634,,Objd634
715,,Objd715,634,,Objd634
701,,Objd701,635,,Objd635
502,,Objd502,636,,Objd636
612,,Objd612,636,,Objd636
1269,,Objd1269,636,,Objd636
37,,Objd37,642,,Objd642
645,,Objd645,642,,Objd642
42,,Objd42,644,,Objd644
68,,Objd68,644,,Objd644
298,,Objd298,644,,Objd644
309,,Objd309,644,,Objd644
316,,Objd316,644,,Objd644
317,,Objd317,644,,Objd644
333,,Objd333,644,,Objd644
340,,Objd340,644,,Objd644
355,,Objd355,644,,Objd644
368,,Objd368,644,,Objd644
379,,Objd379,644,,Objd644
384,,Objd384,644,,Objd644
392,,Objd392,644,,Objd644
401,,Objd401,644,,Objd644
402,,Objd402,644,,Objd644
405,,Objd405,644,,Objd644
436,,Objd436,644,,Objd644
457,,Objd457,644,,Objd644
489,,Objd489,644,,Objd644
509,,Objd509,644,,Objd644
634,,Objd634,644,,Objd644
723,,Objd723,644,,Objd644
738,,Objd738,644,,Objd644
754,,Objd754,644,,Objd644
805,,Objd805,644,,Objd644
946,,Objd946,644,,Objd644
1068,,Objd1068,644,,Objd644
1082,,Objd1082,644,,Objd644
1114,,Objd1114,644,,Objd644
1130,,Objd1130,644,,Objd644
1145,,Objd1145,644,,Objd644
1155,,Objd1155,644,,Objd644
1162,,Objd1162,644,,Objd644
1179,,Objd1179,644,,Objd644
1195,,Objd1195,644,,Objd644
1209,,Objd1209,644,,Objd644
1219,,Objd1219,644,,Objd644
1385,,Objd1385,644,,Objd644
1394,,Objd1394,644,,Objd644
1404,,Objd1404,644,,Objd644
1511,,Objd1511,644,,Objd644
1597,,Objd1597,644,,Objd644
714,,Objd714,647,,Objd647
50,,Objd50,656,,Objd656
658,,Objd658,656,,Objd656
24,,Objd24,657,,Objd657
42,,Objd42,657,,Objd657
188,,Objd188,657,,Objd657
212,,Objd212,657,,Objd657
219,,Objd219,657,,Objd657
227,,Objd227,657,,Objd657
240,,Objd240,657,,Objd657
260,,Objd260,657,,Objd657
285,,Objd285,657,,Objd657
295,,Objd295,657,,Objd657
301,,Objd301,657,,Objd657
305,,Objd305,657,,Objd657
315,,Objd315,657,,Objd657
328,,Objd328,657,,Objd657
329,,Objd329,657,,Objd657
333,,Objd333,657,,Objd657
339,,Objd339,657,,Objd657
354,,Objd354,657,,Objd657
366,,Objd366,657,,Objd657
377,,Objd377,657,,Objd657
391,,Objd391,657,,Objd657
395,,Objd395,657,,Objd657
421,,Objd421,657,,Objd657
423,,Objd423,657,,Objd657
437,,Objd437,657,,Objd657
447,,Objd447,657,,Objd657
448,,Objd448,657,,Objd657
455,,Objd455,657,,Objd657
636,,Objd636,657,,Objd657
687,,Objd687,657,,Objd657
735,,Objd735,657,,Objd657
749,,Objd749,657,,Objd657
784,,Objd784,657,,Objd657
787,,Objd787,657,,Objd657
796,,Objd796,657,,Objd657
805,,Objd805,657,,Objd657
924,,Objd924,657,,Objd657
1096,,Objd1096,657,,Objd657
1252,,Objd1252,657,,Objd657
1333,,Objd1333,657,,Objd657
1448,,Objd1448,657,,Objd657
1481,,Objd1481,657,,Objd657
1519,,Objd1519,657,,Objd657
1557,,Objd1557,657,,Objd657
1601,,Objd1601,657,,Objd657
729,,Objd729,660,,Objd660
1535,,Objd1535,661,,Objd661
63,,Objd63,669,,Objd669
671,,Objd671,669,,Objd669
345,,Objd345,670,,Objd670
1254,,Objd1254,670,,Objd670
237,,Objd237,673,,Objd673
740,,Objd740,674,,Objd674
799,,Objd799,679,,Objd679
74,,Objd74,680,,Objd680
683,,Objd683,680,,Objd680
42,,Objd42,682,,Objd682
333,,Objd333,682,,Objd682
419,,Objd419,682,,Objd682
431,,Objd431,682,,Objd682
442,,Objd442,682,,Objd682
469,,Objd469,682,,Objd682
493,,Objd493,682,,Objd682
805,,Objd805,682,,Objd682
1175,,Objd1175,682,,Objd682
1238,,Objd1238,682,,Objd682
1298,,Objd1298,682,,Objd682
331,,Objd331,684,,Objd684
756,,Objd756,685,,Objd685
370,,Objd370,686,,Objd686
622,,Objd622,686,,Objd686
1364,,Objd1364,686,,Objd686
1518,,Objd1518,686,,Objd686
502,,Objd502,687,,Objd687
662,,Objd662,687,,Objd687
1324,,Objd1324,687,,Objd687
1501,,Objd1501,693,,Objd693
85,,Objd85,695,,Objd695
701,,Objd701,695,,Objd695
36,,Objd36,697,,Objd697
42,,Objd42,697,,Objd697
323,,Objd323,697,,Objd697
333,,Objd333,697,,Objd697
335,,Objd335,697,,Objd697
348,,Objd348,697,,Objd697
362,,Objd362,697,,Objd697
373,,Objd373,697,,Objd697
497,,Objd497,697,,Objd697
517,,Objd517,697,,Objd697
528,,Objd528,697,,Objd697
805,,Objd805,697,,Objd697
903,,Objd903,697,,Objd697
911,,Objd911,697,,Objd697
931,,Objd931,697,,Objd697
1239,,Objd1239,697,,Objd697
1258,,Objd1258,697,,Objd697
1271,,Objd1271,697,,Objd697
1286,,Objd1286,697,,Objd697
1301,,Objd1301,697,,Objd697
1314,,Objd1314,697,,Objd697
502,,Objd502,699,,Objd699
666,,Objd666,699,,Objd699
1259,,Objd1259,699,,Objd699
771,,Objd771,702,,Objd702
9,,Objd9,708,,Objd708
29,,Objd29,708,,Objd708
55,,Objd55,708,,Objd708
498,,Objd498,708,,Objd708
502,,Objd502,708,,Objd708
632,,Objd632,708,,Objd708
942,,Objd942,708,,Objd708
956,,Objd956,708,,Objd708
986,,Objd986,708,,Objd708
1007,,Objd1007,708,,Objd708
1020,,Objd1020,708,,Objd708
1606,,Objd1606,708,,Objd708
297,,Objd297,709,,Objd709
774,,Objd774,710,,Objd710
96,,Objd96,711,,Objd711
714,,Objd714,711,,Objd711
42,,Objd42,713,,Objd713
124,,Objd124,713,,Objd713
140,,Objd140,713,,Objd713
333,,Objd333,713,,Objd713
408,,Objd408,713,,Objd713
425,,Objd425,713,,Objd713
438,,Objd438,713,,Objd713
450,,Objd450,713,,Objd713
456,,Objd456,713,,Objd713
496,,Objd496,713,,Objd713
507,,Objd507,713,,Objd713
518,,Objd518,713,,Objd713
537,,Objd537,713,,Objd713
539,,Objd539,713,,Objd713
548,,Objd548,713,,Objd713
550,,Objd550,713,,Objd713
562,,Objd562,713,,Objd713
564,,Objd564,713,,Objd713
571,,Objd571,713,,Objd713
579,,Objd579,713,,Objd713
588,,Objd588,713,,Objd713
603,,Objd603,713,,Objd713
615,,Objd615,713,,Objd713
742,,Objd742,713,,Objd713
798,,Objd798,713,,Objd713
805,,Objd805,713,,Objd713
847,,Objd847,713,,Objd713
962,,Objd962,713,,Objd713
1030,,Objd1030,713,,Objd713
1091,,Objd1091,713,,Objd713
1154,,Objd1154,713,,Objd713
1217,,Objd1217,713,,Objd713
1280,,Objd1280,713,,Objd713
1332,,Objd1332,713,,Objd713
1374,,Objd1374,713,,Objd713
1444,,Objd1444,713,,Objd713
786,,Objd786,716,,Objd716
666,,Objd666,721,,Objd721
677,,Objd677,721,,Objd721
502,,Objd502,723,,Objd723
678,,Objd678,723,,Objd723
692,,Objd692,723,,Objd723
1582,,Objd1582,724,,Objd724
108,,Objd108,726,,Objd726
729,,Objd729,726,,Objd726
42,,Objd42,728,,Objd728
135,,Objd135,728,,Objd728
229,,Objd229,728,,Objd728
248,,Objd248,728,,Objd728
253,,Objd253,728,,Objd728
263,,Objd263,728,,Objd728
268,,Objd268,728,,Objd728
270,,Objd270,728,,Objd728
276,,Objd276,728,,Objd728
333,,Objd333,728,,Objd728
349,,Objd349,728,,Objd728
412,,Objd412,728,,Objd728
427,,Objd427,728,,Objd728
439,,Objd439,728,,Objd728
449,,Objd449,728,,Objd728
462,,Objd462,728,,Objd728
464,,Objd464,728,,Objd728
473,,Objd473,728,,Objd728
475,,Objd475,728,,Objd728
484,,Objd484,728,,Objd728
504,,Objd504,728,,Objd728
549,,Objd549,728,,Objd728
670,,Objd670,728,,Objd728
699,,Objd699,728,,Objd728
721,,Objd721,728,,Objd728
769,,Objd769,728,,Objd728
805,,Objd805,728,,Objd728
1192,,Objd1192,728,,Objd728
1234,,Objd1234,728,,Objd728
1436,,Objd1436,728,,Objd728
1447,,Objd1447,728,,Objd728
1561,,Objd1561,728,,Objd728
795,,Objd795,730,,Objd730
33,,Objd33,731,,Objd731
46,,Objd46,731,,Objd731
502,,Objd502,731,,Objd731
698,,Objd698,731,,Objd731
712,,Objd712,731,,Objd731
715,,Objd715,731,,Objd731
717,,Objd717,731,,Objd731
727,,Objd727,731,,Objd731
760,,Objd760,731,,Objd731
836,,Objd836,731,,Objd731
1139,,Objd1139,731,,Objd731
1233,,Objd1233,731,,Objd731
1479,,Objd1479,731,,Objd731
1527,,Objd1527,731,,Objd731
1578,,Objd1578,731,,Objd731
252,,Objd252,733,,Objd733
279,,Objd279,733,,Objd733
502,,Objd502,733,,Objd733
271,,Objd271,735,,Objd735
277,,Objd277,735,,Objd735
823,,Objd823,736,,Objd736
117,,Objd117,737,,Objd737
740,,Objd740,737,,Objd737
203,,Objd203,738,,Objd738
502,,Objd502,738,,Objd738
727,,Objd727,738,,Objd738
502,,Objd502,739,,Objd739
700,,Objd700,739,,Objd739
810,,Objd810,741,,Objd741
502,,Objd502,742,,Objd742
718,,Objd718,742,,Objd742
1366,,Objd1366,742,,Objd742
304,,Objd304,747,,Objd747
502,,Objd502,747,,Objd747
307,,Objd307,749,,Objd749
486,,Objd486,749,,Objd749
210,,Objd210,751,,Objd751
133,,Objd133,753,,Objd753
756,,Objd756,753,,Objd753
91,,Objd91,754,,Objd754
502,,Objd502,754,,Objd754
712,,Objd712,754,,Objd754
12,,Objd12,755,,Objd755
98,,Objd98,755,,Objd755
502,,Objd502,755,,Objd755
609,,Objd609,755,,Objd755
1578,,Objd1578,755,,Objd755
820,,Objd820,757,,Objd757
502,,Objd502,763,,Objd763
746,,Objd746,763,,Objd763
802,,Objd802,763,,Objd763
876,,Objd876,767,,Objd767
147,,Objd147,768,,Objd768
771,,Objd771,768,,Objd768
502,,Objd502,769,,Objd769
619,,Objd619,769,,Objd769
696,,Objd696,769,,Objd769
326,,Objd326,770,,Objd770
833,,Objd833,772,,Objd772
33,,Objd33,773,,Objd773
502,,Objd502,773,,Objd773
622,,Objd622,773,,Objd773
758,,Objd758,773,,Objd773
1527,,Objd1527,773,,Objd773
1578,,Objd1578,773,,Objd773
1294,,Objd1294,778,,Objd778
246,,Objd246,781,,Objd781
160,,Objd160,783,,Objd783
786,,Objd786,783,,Objd783
502,,Objd502,784,,Objd784
608,,Objd608,784,,Objd784
681,,Objd681,784,,Objd784
56,,Objd56,785,,Objd785
659,,Objd659,787,,Objd787
821,,Objd821,787,,Objd787
844,,Objd844,788,,Objd788
1250,,Objd1250,793,,Objd793
175,,Objd175,794,,Objd794
795,,Objd795,794,,Objd794
646,,Objd646,796,,Objd796
672,,Objd672,796,,Objd796
859,,Objd859,797,,Objd797
502,,Objd502,798,,Objd798
774,,Objd774,798,,Objd798
1407,,Objd1407,798,,Objd798
332,,Objd332,806,,Objd806
186,,Objd186,808,,Objd808
810,,Objd810,808,,Objd808
1403,,Objd1403,809,,Objd809
872,,Objd872,811,,Objd811
502,,Objd502,815,,Objd815
1056,,Objd1056,815,,Objd815
813,,Objd813,818,,Objd818
196,,Objd196,819,,Objd819
820,,Objd820,819,,Objd819
888,,Objd888,822,,Objd822
1157,,Objd1157,826,,Objd826
824,,Objd824,829,,Objd829
206,,Objd206,831,,Objd831
833,,Objd833,831,,Objd831
109,,Objd109,832,,Objd832
120,,Objd120,832,,Objd832
529,,Objd529,832,,Objd832
1403,,Objd1403,832,,Objd832
900,,Objd900,835,,Objd835
675,,Objd675,839,,Objd839
743,,Objd743,839,,Objd839
826,,Objd826,839,,Objd839
920,,Objd920,839,,Objd839
1176,,Objd1176,839,,Objd839
1540,,Objd1540,841,,Objd841
214,,Objd214,842,,Objd842
844,,Objd844,842,,Objd842
914,,Objd914,846,,Objd846
502,,Objd502,847,,Objd847
823,,Objd823,847,,Objd847
1452,,Objd1452,847,,Objd847
936,,Objd936,855,,Objd855
224,,Objd224,857,,Objd857
859,,Objd859,857,,Objd857
934,,Objd934,860,,Objd860
304,,Objd304,861,,Objd861
321,,Objd321,861,,Objd861
502,,Objd502,861,,Objd861
698,,Objd698,861,,Objd861
712,,Objd712,861,,Objd861
865,,Objd865,861,,Objd861
1328,,Objd1328,861,,Objd861
502,,Objd502,868,,Objd868
840,,Objd840,868,,Objd868
854,,Objd854,868,,Objd868
836,,Objd836,869,,Objd869
235,,Objd235,870,,Objd870
872,,Objd872,870,,Objd870
502,,Objd502,871,,Objd871
1402,,Objd1402,871,,Objd871
252,,Objd252,873,,Objd873
502,,Objd502,873,,Objd873
948,,Objd948,874,,Objd874
94,,Objd94,875,,Objd875
172,,Objd172,875,,Objd875
304,,Objd304,875,,Objd875
321,,Objd321,875,,Objd875
502,,Objd502,875,,Objd875
698,,Objd698,875,,Objd875
712,,Objd712,875,,Objd875
1527,,Objd1527,875,,Objd875
303,,Objd303,880,,Objd880
681,,Objd681,884,,Objd884
244,,Objd244,886,,Objd886
888,,Objd888,886,,Objd886
56,,Objd56,887,,Objd887
332,,Objd332,887,,Objd887
502,,Objd502,887,,Objd887
991,,Objd991,889,,Objd889
502,,Objd502,890,,Objd890
804,,Objd804,890,,Objd890
865,,Objd865,890,,Objd890
894,,Objd894,890,,Objd890
923,,Objd923,890,,Objd890
953,,Objd953,890,,Objd890
942,,Objd942,895,,Objd895
863,,Objd863,897,,Objd897
255,,Objd255,898,,Objd898
900,,Objd900,898,,Objd898
1013,,Objd1013,902,,Objd902
502,,Objd502,903,,Objd903
876,,Objd876,903,,Objd903
1486,,Objd1486,903,,Objd903
1606,,Objd1606,905,,Objd905
877,,Objd877,908,,Objd908
265,,Objd265,910,,Objd910
914,,Objd914,910,,Objd910
415,,Objd415,911,,Objd911
858,,Objd858,911,,Objd911
234,,Objd234,913,,Objd913
502,,Objd502,913,,Objd913
852,,Objd852,913,,Objd913
883,,Objd883,913,,Objd913
12,,Objd12,915,,Objd915
297,,Objd297,915,,Objd915
332,,Objd332,915,,Objd915
502,,Objd502,915,,Objd915
563,,Objd563,915,,Objd915
652,,Objd652,915,,Objd915
901,,Objd901,915,,Objd915
419,,Objd419,916,,Objd916
431,,Objd431,916,,Objd916
442,,Objd442,916,,Objd916
469,,Objd469,916,,Objd916
493,,Objd493,916,,Objd916
805,,Objd805,916,,Objd916
1175,,Objd1175,916,,Objd916
1238,,Objd1238,916,,Objd916
1298,,Objd1298,916,,Objd916
1027,,Objd1027,917,,Objd917
181,,Objd181,920,,Objd920
502,,Objd502,924,,Objd924
790,,Objd790,924,,Objd924
899,,Objd899,924,,Objd924
9,,Objd9,925,,Objd925
284,,Objd284,929,,Objd929
776,,Objd776,930,,Objd930
934,,Objd934,930,,Objd930
404,,Objd404,931,,Objd931
502,,Objd502,931,,Objd931
554,,Objd554,931,,Objd931
304,,Objd304,933,,Objd933
502,,Objd502,933,,Objd933
1233,,Objd1233,933,,Objd933
1041,,Objd1041,935,,Objd935
352,,Objd352,939,,Objd939
995,,Objd995,943,,Objd943
283,,Objd283,945,,Objd945
948,,Objd948,945,,Objd945
231,,Objd231,946,,Objd946
1455,,Objd1455,946,,Objd946
1058,,Objd1058,950,,Objd950
677,,Objd677,954,,Objd954
325,,Objd325,957,,Objd957
289,,Objd289,958,,Objd958
960,,Objd960,958,,Objd958
1088,,Objd1088,961,,Objd961
502,,Objd502,962,,Objd962
936,,Objd936,962,,Objd962
1522,,Objd1522,962,,Objd962
269,,Objd269,964,,Objd964
190,,Objd190,966,,Objd966
370,,Objd370,966,,Objd966
502,,Objd502,966,,Objd966
866,,Objd866,966,,Objd966
1518,,Objd1518,966,,Objd966
554,,Objd554,967,,Objd967
299,,Objd299,969,,Objd969
971,,Objd971,969,,Objd969
1103,,Objd1103,973,,Objd973
790,,Objd790,976,,Objd976
33,,Objd33,979,,Objd979
502,,Objd502,979,,Objd979
833,,Objd833,979,,Objd979
1103,,Objd1103,979,,Objd979
1124,,Objd1124,979,,Objd979
1151,,Objd1151,979,,Objd979
1169,,Objd1169,979,,Objd979
1293,,Objd1293,979,,Objd979
1372,,Objd1372,979,,Objd979
304,,Objd304,980,,Objd980
502,,Objd502,980,,Objd980
1056,,Objd1056,980,,Objd980
1416,,Objd1416,982,,Objd982
33,,Objd33,985,,Objd985
502,,Objd502,985,,Objd985
780,,Objd780,985,,Objd985
866,,Objd866,985,,Objd985
1578,,Objd1578,985,,Objd985
662,,Objd662,987,,Objd987
311,,Objd311,989,,Objd989
991,,Objd991,989,,Objd989
307,,Objd307,993,,Objd993
1422,,Objd1422,993,,Objd993
1119,,Objd1119,994,,Objd994
838,,Objd838,997,,Objd997
33,,Objd33,1000,,Objd1000
502,,Objd502,1000,,Objd1000
833,,Objd833,1000,,Objd1000
1103,,Objd1103,1000,,Objd1000
1124,,Objd1124,1000,,Objd1000
1151,,Objd1151,1000,,Objd1000
1169,,Objd1169,1000,,Objd1000
1293,,Objd1293,1000,,Objd1000
1372,,Objd1372,1000,,Objd1000
33,,Objd33,1001,,Objd1001
502,,Objd502,1001,,Objd1001
506,,Objd506,1001,,Objd1001
691,,Objd691,1001,,Objd1001
715,,Objd715,1001,,Objd1001
750,,Objd750,1001,,Objd1001
780,,Objd780,1001,,Objd1001
804,,Objd804,1001,,Objd1001
828,,Objd828,1001,,Objd1001
1578,,Objd1578,1001,,Objd1001
502,,Objd502,1002,,Objd1002
1056,,Objd1056,1002,,Objd1002
1548,,Objd1548,1002,,Objd1002
446,,Objd446,1003,,Objd1003
33,,Objd33,1006,,Objd1006
502,,Objd502,1006,,Objd1006
506,,Objd506,1006,,Objd1006
691,,Objd691,1006,,Objd1006
715,,Objd715,1006,,Objd1006
750,,Objd750,1006,,Objd1006
780,,Objd780,1006,,Objd1006
804,,Objd804,1006,,Objd1006
828,,Objd828,1006,,Objd1006
1578,,Objd1578,1006,,Objd1006
1062,,Objd1062,1008,,Objd1008
322,,Objd322,1009,,Objd1009
1013,,Objd1013,1009,,Objd1009
205,,Objd205,1011,,Objd1011
1136,,Objd1136,1014,,Objd1014
177,,Objd177,1015,,Objd1015
189,,Objd189,1015,,Objd1015
239,,Objd239,1015,,Objd1015
247,,Objd247,1015,,Objd1015
326,,Objd326,1015,,Objd1015
336,,Objd336,1015,,Objd1015
350,,Objd350,1015,,Objd1015
375,,Objd375,1015,,Objd1015
1269,,Objd1269,1016,,Objd1016
1463,,Objd1463,1017,,Objd1017
502,,Objd502,1019,,Objd1019
696,,Objd696,1021,,Objd1021
334,,Objd334,1023,,Objd1023
1027,,Objd1027,1023,,Objd1023
1151,,Objd1151,1029,,Objd1029
502,,Objd502,1030,,Objd1030
995,,Objd995,1030,,Objd1030
1559,,Objd1559,1030,,Objd1030
472,,Objd472,1031,,Objd1031
502,,Objd502,1032,,Objd1032
727,,Objd727,1032,,Objd1032
972,,Objd972,1032,,Objd1032
1139,,Objd1139,1032,,Objd1032
9,,Objd9,1033,,Objd1033
29,,Objd29,1033,,Objd1033
55,,Objd55,1033,,Objd1033
498,,Objd498,1033,,Objd1033
502,,Objd502,1033,,Objd1033
632,,Objd632,1033,,Objd1033
700,,Objd700,1033,,Objd1033
942,,Objd942,1033,,Objd1033
956,,Objd956,1033,,Objd1033
986,,Objd986,1033,,Objd1033
1007,,Objd1007,1033,,Objd1033
1020,,Objd1020,1033,,Objd1033
1606,,Objd1606,1033,,Objd1033
827,,Objd827,1034,,Objd1034
1514,,Objd1514,1036,,Objd1036
252,,Objd252,1037,,Objd1037
279,,Objd279,1037,,Objd1037
502,,Objd502,1037,,Objd1037
834,,Objd834,1037,,Objd1037
853,,Objd853,1037,,Objd1037
386,,Objd386,1038,,Objd1038
347,,Objd347,1039,,Objd1039
1041,,Objd1041,1039,,Objd1039
12,,Objd12,1044,,Objd1044
297,,Objd297,1044,,Objd1044
332,,Objd332,1044,,Objd1044
502,,Objd502,1044,,Objd1044
563,,Objd563,1044,,Objd1044
652,,Objd652,1044,,Objd1044
1169,,Objd1169,1045,,Objd1045
766,,Objd766,1047,,Objd1047
212,,Objd212,1048,,Objd1048
219,,Objd219,1048,,Objd1048
229,,Objd229,1048,,Objd1048
240,,Objd240,1048,,Objd1048
248,,Objd248,1048,,Objd1048
260,,Objd260,1048,,Objd1048
270,,Objd270,1048,,Objd1048
276,,Objd276,1048,,Objd1048
285,,Objd285,1048,,Objd1048
295,,Objd295,1048,,Objd1048
298,,Objd298,1048,,Objd1048
305,,Objd305,1048,,Objd1048
315,,Objd315,1048,,Objd1048
317,,Objd317,1048,,Objd1048
328,,Objd328,1048,,Objd1048
339,,Objd339,1048,,Objd1048
354,,Objd354,1048,,Objd1048
355,,Objd355,1048,,Objd1048
366,,Objd366,1048,,Objd1048
368,,Objd368,1048,,Objd1048
377,,Objd377,1048,,Objd1048
379,,Objd379,1048,,Objd1048
391,,Objd391,1048,,Objd1048
392,,Objd392,1048,,Objd1048
401,,Objd401,1048,,Objd1048
402,,Objd402,1048,,Objd1048
412,,Objd412,1048,,Objd1048
423,,Objd423,1048,,Objd1048
437,,Objd437,1048,,Objd1048
448,,Objd448,1048,,Objd1048
449,,Objd449,1048,,Objd1048
455,,Objd455,1048,,Objd1048
457,,Objd457,1048,,Objd1048
464,,Objd464,1048,,Objd1048
473,,Objd473,1048,,Objd1048
484,,Objd484,1048,,Objd1048
721,,Objd721,1048,,Objd1048
723,,Objd723,1048,,Objd1048
805,,Objd805,1048,,Objd1048
946,,Objd946,1048,,Objd1048
1068,,Objd1068,1048,,Objd1048
1082,,Objd1082,1048,,Objd1048
1096,,Objd1096,1048,,Objd1048
1114,,Objd1114,1048,,Objd1048
1130,,Objd1130,1048,,Objd1048
1145,,Objd1145,1048,,Objd1048
1162,,Objd1162,1048,,Objd1048
1179,,Objd1179,1048,,Objd1048
1195,,Objd1195,1048,,Objd1048
1209,,Objd1209,1048,,Objd1048
1436,,Objd1436,1048,,Objd1048
1511,,Objd1511,1048,,Objd1048
502,,Objd502,1049,,Objd1049
700,,Objd700,1049,,Objd1049
708,,Objd708,1049,,Objd1049
1496,,Objd1496,1050,,Objd1050
1309,,Objd1309,1053,,Objd1053
361,,Objd361,1054,,Objd1054
1058,,Objd1058,1054,,Objd1054
458,,Objd458,1055,,Objd1055
502,,Objd502,1055,,Objd1055
1010,,Objd1010,1055,,Objd1055
1527,,Objd1527,1055,,Objd1055
1186,,Objd1186,1061,,Objd1061
435,,Objd435,1063,,Objd1063
140,,Objd140,1064,,Objd1064
496,,Objd496,1064,,Objd1064
497,,Objd497,1064,,Objd1064
507,,Objd507,1064,,Objd1064
517,,Objd517,1064,,Objd1064
518,,Objd518,1064,,Objd1064
528,,Objd528,1064,,Objd1064
537,,Objd537,1064,,Objd1064
539,,Objd539,1064,,Objd1064
548,,Objd548,1064,,Objd1064
550,,Objd550,1064,,Objd1064
562,,Objd562,1064,,Objd1064
564,,Objd564,1064,,Objd1064
571,,Objd571,1064,,Objd1064
579,,Objd579,1064,,Objd1064
588,,Objd588,1064,,Objd1064
603,,Objd603,1064,,Objd1064
615,,Objd615,1064,,Objd1064
805,,Objd805,1064,,Objd1064
1239,,Objd1239,1064,,Objd1064
1258,,Objd1258,1064,,Objd1064
1271,,Objd1271,1064,,Objd1064
1286,,Objd1286,1064,,Objd1064
1301,,Objd1301,1064,,Objd1064
1314,,Objd1314,1064,,Objd1064
833,,Objd833,1065,,Objd1065
960,,Objd960,1065,,Objd1065
1151,,Objd1151,1065,,Objd1065
1293,,Objd1293,1065,,Objd1065
1372,,Objd1372,1065,,Objd1065
882,,Objd882,1066,,Objd1066
221,,Objd221,1068,,Objd1068
502,,Objd502,1068,,Objd1068
667,,Objd667,1068,,Objd1068
1060,,Objd1060,1069,,Objd1069
372,,Objd372,1070,,Objd1070
1072,,Objd1072,1070,,Objd1070
502,,Objd502,1073,,Objd1073
1391,,Objd1391,1073,,Objd1073
1548,,Objd1548,1073,,Objd1073
1200,,Objd1200,1074,,Objd1074
817,,Objd817,1075,,Objd1075
20,,Objd20,1076,,Objd1076
31,,Objd31,1076,,Objd1076
43,,Objd43,1076,,Objd1076
57,,Objd57,1076,,Objd1076
69,,Objd69,1076,,Objd1076
79,,Objd79,1076,,Objd1076
91,,Objd91,1076,,Objd1076
104,,Objd104,1076,,Objd1076
114,,Objd114,1076,,Objd1076
126,,Objd126,1076,,Objd1076
142,,Objd142,1076,,Objd1076
154,,Objd154,1076,,Objd1076
181,,Objd181,1076,,Objd1076
194,,Objd194,1076,,Objd1076
203,,Objd203,1076,,Objd1076
213,,Objd213,1076,,Objd1076
221,,Objd221,1076,,Objd1076
231,,Objd231,1076,,Objd1076
241,,Objd241,1076,,Objd1076
249,,Objd249,1076,,Objd1076
259,,Objd259,1076,,Objd1076
271,,Objd271,1076,,Objd1076
294,,Objd294,1076,,Objd1076
338,,Objd338,1076,,Objd1076
389,,Objd389,1076,,Objd1076
435,,Objd435,1076,,Objd1076
472,,Objd472,1076,,Objd1076
527,,Objd527,1076,,Objd1076
561,,Objd561,1076,,Objd1076
601,,Objd601,1076,,Objd1076
650,,Objd650,1076,,Objd1076
666,,Objd666,1076,,Objd1076
678,,Objd678,1076,,Objd1076
690,,Objd690,1076,,Objd1076
745,,Objd745,1076,,Objd1076
766,,Objd766,1076,,Objd1076
790,,Objd790,1076,,Objd1076
817,,Objd817,1076,,Objd1076
838,,Objd838,1076,,Objd1076
867,,Objd867,1076,,Objd1076
879,,Objd879,1076,,Objd1076
927,,Objd927,1076,,Objd1076
938,,Objd938,1076,,Objd1076
978,,Objd978,1076,,Objd1076
984,,Objd984,1076,,Objd1076
1052,,Objd1052,1076,,Objd1076
1143,,Objd1143,1076,,Objd1076
1208,,Objd1208,1076,,Objd1076
1269,,Objd1269,1076,,Objd1076
1324,,Objd1324,1076,,Objd1076
1384,,Objd1384,1076,,Objd1076
1393,,Objd1393,1076,,Objd1076
1483,,Objd1483,1076,,Objd1076
137,,Objd137,1077,,Objd1077
57,,Objd57,1082,,Objd1082
502,,Objd502,1082,,Objd1082
691,,Objd691,1082,,Objd1082
304,,Objd304,1083,,Objd1083
502,,Objd502,1083,,Objd1083
712,,Objd712,1083,,Objd1083
1514,,Objd1514,1083,,Objd1083
1548,,Objd1548,1083,,Objd1083
252,,Objd252,1084,,Objd1084
279,,Objd279,1084,,Objd1084
502,,Objd502,1084,,Objd1084
834,,Objd834,1084,,Objd1084
853,,Objd853,1084,,Objd1084
1089,,Objd1089,1085,,Objd1085
1088,,Objd1088,1086,,Objd1086
1210,,Objd1210,1086,,Objd1086
1214,,Objd1214,1090,,Objd1090
502,,Objd502,1091,,Objd1091
1062,,Objd1062,1091,,Objd1091
1605,,Objd1605,1091,,Objd1091
333,,Objd333,1092,,Objd1092
805,,Objd805,1092,,Objd1092
1278,,Objd1278,1092,,Objd1092
221,,Objd221,1093,,Objd1093
28,,Objd28,1094,,Objd1094
77,,Objd77,1094,,Objd1094
123,,Objd123,1094,,Objd1094
179,,Objd179,1094,,Objd1094
218,,Objd218,1094,,Objd1094
319,,Objd319,1094,,Objd1094
331,,Objd331,1094,,Objd1094
342,,Objd342,1094,,Objd1094
358,,Objd358,1094,,Objd1094
370,,Objd370,1094,,Objd1094
383,,Objd383,1094,,Objd1094
394,,Objd394,1094,,Objd1094
404,,Objd404,1094,,Objd1094
415,,Objd415,1094,,Objd1094
426,,Objd426,1094,,Objd1094
1366,,Objd1366,1094,,Objd1094
1407,,Objd1407,1094,,Objd1094
1452,,Objd1452,1094,,Objd1094
1486,,Objd1486,1094,,Objd1094
1522,,Objd1522,1094,,Objd1094
1559,,Objd1559,1094,,Objd1094
1560,,Objd1560,1094,,Objd1094
1574,,Objd1574,1094,,Objd1094
1587,,Objd1587,1094,,Objd1094
1595,,Objd1595,1094,,Objd1094
1605,,Objd1605,1094,,Objd1094
692,,Objd692,1095,,Objd1095
249,,Objd249,1096,,Objd1096
502,,Objd502,1096,,Objd1096
722,,Objd722,1096,,Objd1096
94,,Objd94,1097,,Objd1097
205,,Objd205,1097,,Objd1097
502,,Objd502,1097,,Objd1097
698,,Objd698,1097,,Objd1097
780,,Objd780,1097,,Objd1097
972,,Objd972,1097,,Objd1097
205,,Objd205,1098,,Objd1098
210,,Objd210,1098,,Objd1098
486,,Objd486,1098,,Objd1098
502,,Objd502,1098,,Objd1098
1494,,Objd1494,1098,,Objd1098
1122,,Objd1122,1099,,Objd1099
396,,Objd396,1100,,Objd1100
1103,,Objd1103,1100,,Objd1100
19,,Objd19,1105,,Objd1105
79,,Objd79,1105,,Objd1105
304,,Objd304,1105,,Objd1105
502,,Objd502,1105,,Objd1105
698,,Objd698,1105,,Objd1105
712,,Objd712,1105,,Objd1105
1479,,Objd1479,1105,,Objd1105
1527,,Objd1527,1105,,Objd1105
1544,,Objd1544,1105,,Objd1105
1617,,Objd1617,1105,,Objd1105
1228,,Objd1228,1106,,Objd1106
98,,Objd98,1108,,Objd1108
119,,Objd119,1108,,Objd1108
324,,Objd324,1108,,Objd1108
502,,Objd502,1108,,Objd1108
828,,Objd828,1108,,Objd1108
1081,,Objd1081,1108,,Objd1108
1455,,Objd1455,1108,,Objd1108
1548,,Objd1548,1108,,Objd1108
1590,,Objd1590,1108,,Objd1108
867,,Objd867,1110,,Objd1110
805,,Objd805,1111,,Objd1111
956,,Objd956,1113,,Objd1113
69,,Objd69,1114,,Objd1114
502,,Objd502,1114,,Objd1114
750,,Objd750,1114,,Objd1114
1189,,Objd1189,1115,,Objd1115
407,,Objd407,1116,,Objd1116
1119,,Objd1119,1116,,Objd1116
1247,,Objd1247,1121,,Objd1121
98,,Objd98,1123,,Objd1123
502,,Objd502,1123,,Objd1123
678,,Objd678,1125,,Objd1125
202,,Objd202,1126,,Objd1126
271,,Objd271,1126,,Objd1126
307,,Objd307,1126,,Objd1126
1403,,Objd1403,1126,,Objd1126
1422,,Objd1422,1126,,Objd1126
234,,Objd234,1127,,Objd1127
502,,Objd502,1127,,Objd1127
727,,Objd727,1127,,Objd1127
972,,Objd972,1127,,Objd1127
1124,,Objd1124,1127,,Objd1127
399,,Objd399,1128,,Objd1128
252,,Objd252,1129,,Objd1129
279,,Objd279,1129,,Objd1129
502,,Objd502,1129,,Objd1129
104,,Objd104,1130,,Objd1130
502,,Objd502,1130,,Objd1130
780,,Objd780,1130,,Objd1130
264,,Objd264,1131,,Objd1131
418,,Objd418,1132,,Objd1132
1136,,Objd1136,1132,,Objd1132
502,,Objd502,1134,,Objd1134
899,,Objd899,1134,,Objd1134
1264,,Objd1264,1137,,Objd1137
394,,Objd394,1138,,Objd1138
294,,Objd294,1140,,Objd1140
601,,Objd601,1140,,Objd1140
1533,,Objd1533,1142,,Objd1142
172,,Objd172,1144,,Objd1144
502,,Objd502,1144,,Objd1144
1479,,Objd1479,1144,,Objd1144
1527,,Objd1527,1144,,Objd1144
1575,,Objd1575,1144,,Objd1144
43,,Objd43,1145,,Objd1145
502,,Objd502,1145,,Objd1145
804,,Objd804,1145,,Objd1145
899,,Objd899,1146,,Objd1146
430,,Objd430,1147,,Objd1147
1151,,Objd1151,1147,,Objd1147
33,,Objd33,1149,,Objd1149
129,,Objd129,1149,,Objd1149
172,,Objd172,1149,,Objd1149
205,,Objd205,1149,,Objd1149
502,,Objd502,1149,,Objd1149
972,,Objd972,1149,,Objd1149
1025,,Objd1025,1149,,Objd1149
1124,,Objd1124,1149,,Objd1149
1277,,Objd1277,1152,,Objd1152
326,,Objd326,1153,,Objd1153
28,,Objd28,1154,,Objd1154
502,,Objd502,1154,,Objd1154
1122,,Objd1122,1154,,Objd1154
181,,Objd181,1155,,Objd1155
502,,Objd502,1155,,Objd1155
972,,Objd972,1155,,Objd1155
690,,Objd690,1156,,Objd1156
202,,Objd202,1158,,Objd1158
502,,Objd502,1158,,Objd1158
614,,Objd614,1159,,Objd1159
129,,Objd129,1161,,Objd1161
172,,Objd172,1161,,Objd1161
205,,Objd205,1161,,Objd1161
502,,Objd502,1161,,Objd1161
91,,Objd91,1162,,Objd1162
502,,Objd502,1162,,Objd1162
828,,Objd828,1162,,Objd1162
1353,,Objd1353,1163,,Objd1163
441,,Objd441,1165,,Objd1165
1169,,Objd1169,1165,,Objd1165
743,,Objd743,1168,,Objd1168
1293,,Objd1293,1171,,Objd1171
326,,Objd326,1172,,Objd1172
745,,Objd745,1174,,Objd1174
326,,Objd326,1175,,Objd1175
502,,Objd502,1175,,Objd1175
688,,Objd688,1175,,Objd1175
706,,Objd706,1177,,Objd1177
888,,Objd888,1178,,Objd1178
1151,,Objd1151,1178,,Objd1178
1293,,Objd1293,1178,,Objd1178
1372,,Objd1372,1178,,Objd1178
181,,Objd181,1179,,Objd1179
502,,Objd502,1179,,Objd1179
852,,Objd852,1179,,Objd1179
502,,Objd502,1180,,Objd1180
1206,,Objd1206,1180,,Objd1180
1198,,Objd1198,1181,,Objd1181
453,,Objd453,1182,,Objd1182
1186,,Objd1186,1182,,Objd1182
502,,Objd502,1184,,Objd1184
1149,,Objd1149,1184,,Objd1184
1167,,Objd1167,1184,,Objd1184
704,,Objd704,1185,,Objd1185
743,,Objd743,1185,,Objd1185
1308,,Objd1308,1187,,Objd1187
350,,Objd350,1188,,Objd1188
57,,Objd57,1190,,Objd1190
241,,Objd241,1192,,Objd1192
502,,Objd502,1192,,Objd1192
791,,Objd791,1192,,Objd1192
498,,Objd498,1193,,Objd1193
129,,Objd129,1194,,Objd1194
172,,Objd172,1194,,Objd1194
502,,Objd502,1194,,Objd1194
899,,Objd899,1194,,Objd1194
194,,Objd194,1195,,Objd1195
502,,Objd502,1195,,Objd1195
883,,Objd883,1195,,Objd1195
792,,Objd792,1196,,Objd1196
461,,Objd461,1197,,Objd1197
1200,,Objd1200,1197,,Objd1197
1318,,Objd1318,1202,,Objd1202
1191,,Objd1191,1203,,Objd1203
927,,Objd927,1204,,Objd1204
1141,,Objd1141,1205,,Objd1205
1157,,Objd1157,1205,,Objd1205
1176,,Objd1176,1205,,Objd1205
1191,,Objd1191,1205,,Objd1205
46,,Objd46,1206,,Objd1206
698,,Objd698,1206,,Objd1206
1479,,Objd1479,1206,,Objd1206
1527,,Objd1527,1206,,Objd1206
762,,Objd762,1207,,Objd1207
203,,Objd203,1209,,Objd1209
502,,Objd502,1209,,Objd1209
907,,Objd907,1209,,Objd1209
19,,Objd19,1211,,Objd1211
468,,Objd468,1212,,Objd1212
1214,,Objd1214,1212,,Objd1212
1330,,Objd1330,1215,,Objd1215
1157,,Objd1157,1216,,Objd1216
77,,Objd77,1217,,Objd1217
502,,Objd502,1217,,Objd1217
1189,,Objd1189,1217,,Objd1217
33,,Objd33,1218,,Objd1218
264,,Objd264,1218,,Objd1218
304,,Objd304,1218,,Objd1218
321,,Objd321,1218,,Objd1218
502,,Objd502,1218,,Objd1218
780,,Objd780,1218,,Objd1218
865,,Objd865,1218,,Objd1218
923,,Objd923,1218,,Objd1218
953,,Objd953,1218,,Objd1218
1527,,Objd1527,1218,,Objd1218
194,,Objd194,1219,,Objd1219
502,,Objd502,1219,,Objd1219
1124,,Objd1124,1219,,Objd1219
984,,Objd984,1220,,Objd1220
986,,Objd986,1221,,Objd1221
19,,Objd19,1223,,Objd1223
79,,Objd79,1223,,Objd1223
304,,Objd304,1223,,Objd1223
502,,Objd502,1223,,Objd1223
698,,Objd698,1223,,Objd1223
712,,Objd712,1223,,Objd1223
1479,,Objd1479,1223,,Objd1223
1527,,Objd1527,1223,,Objd1223
1544,,Objd1544,1223,,Objd1223
1617,,Objd1617,1223,,Objd1223
12,,Objd12,1224,,Objd1224
480,,Objd480,1225,,Objd1225
1228,,Objd1228,1225,,Objd1225
502,,Objd502,1226,,Objd1226
1526,,Objd1526,1226,,Objd1226
1537,,Objd1537,1226,,Objd1226
502,,Objd502,1230,,Objd1230
1450,,Objd1450,1230,,Objd1230
1342,,Objd1342,1231,,Objd1231
502,,Objd502,1234,,Objd1234
650,,Objd650,1234,,Objd1234
1109,,Objd1109,1234,,Objd1234
271,,Objd271,1235,,Objd1235
1393,,Objd1393,1235,,Objd1235
33,,Objd33,1236,,Objd1236
46,,Objd46,1236,,Objd1236
264,,Objd264,1236,,Objd1236
502,,Objd502,1236,,Objd1236
692,,Objd692,1236,,Objd1236
698,,Objd698,1236,,Objd1236
712,,Objd712,1236,,Objd1236
715,,Objd715,1236,,Objd1236
727,,Objd727,1236,,Objd1236
760,,Objd760,1236,,Objd1236
836,,Objd836,1236,,Objd1236
972,,Objd972,1236,,Objd1236
1025,,Objd1025,1236,,Objd1236
1139,,Objd1139,1236,,Objd1236
1233,,Objd1233,1236,,Objd1236
1479,,Objd1479,1236,,Objd1236
1527,,Objd1527,1236,,Objd1236
1578,,Objd1578,1236,,Objd1236
632,,Objd632,1237,,Objd1237
623,,Objd623,1238,,Objd1238
1191,,Objd1191,1238,,Objd1238
331,,Objd331,1239,,Objd1239
502,,Objd502,1239,,Objd1239
942,,Objd942,1239,,Objd1239
444,,Objd444,1241,,Objd1241
492,,Objd492,1243,,Objd1243
1247,,Objd1247,1243,,Objd1243
502,,Objd502,1244,,Objd1244
1167,,Objd1167,1244,,Objd1244
1537,,Objd1537,1244,,Objd1244
98,,Objd98,1245,,Objd1245
172,,Objd172,1245,,Objd1245
502,,Objd502,1245,,Objd1245
698,,Objd698,1245,,Objd1245
715,,Objd715,1245,,Objd1245
972,,Objd972,1245,,Objd1245
1081,,Objd1081,1245,,Objd1245
1124,,Objd1124,1245,,Objd1245
1233,,Objd1233,1245,,Objd1245
1479,,Objd1479,1245,,Objd1245
1527,,Objd1527,1245,,Objd1245
1575,,Objd1575,1245,,Objd1245
1590,,Objd1590,1245,,Objd1245
502,,Objd502,1248,,Objd1248
700,,Objd700,1248,,Objd1248
1351,,Objd1351,1249,,Objd1249
502,,Objd502,1251,,Objd1251
1218,,Objd1218,1251,,Objd1251
1233,,Objd1233,1251,,Objd1251
502,,Objd502,1252,,Objd1252
527,,Objd527,1252,,Objd1252
1139,,Objd1139,1252,,Objd1252
205,,Objd205,1253,,Objd1253
277,,Objd277,1253,,Objd1253
941,,Objd941,1255,,Objd1255
129,,Objd129,1257,,Objd1257
172,,Objd172,1257,,Objd1257
205,,Objd205,1257,,Objd1257
502,,Objd502,1257,,Objd1257
1080,,Objd1080,1257,,Objd1257
358,,Objd358,1258,,Objd1258
502,,Objd502,1258,,Objd1258
956,,Objd956,1258,,Objd1258
1056,,Objd1056,1260,,Objd1260
503,,Objd503,1261,,Objd1261
1264,,Objd1264,1261,,Objd1261
502,,Objd502,1262,,Objd1262
1149,,Objd1149,1262,,Objd1262
1167,,Objd1167,1262,,Objd1262
1360,,Objd1360,1265,,Objd1265
879,,Objd879,1266,,Objd1266
1573,,Objd1573,1267,,Objd1267
502,,Objd502,1270,,Objd1270
700,,Objd700,1270,,Objd1270
370,,Objd370,1271,,Objd1271
502,,Objd502,1271,,Objd1271
632,,Objd632,1271,,Objd1271
1288,,Objd1288,1272,,Objd1272
803,,Objd803,1273,,Objd1273
172,,Objd172,1274,,Objd1274
304,,Objd304,1274,,Objd1274
502,,Objd502,1274,,Objd1274
727,,Objd727,1274,,Objd1274
972,,Objd972,1274,,Objd1274
1242,,Objd1242,1274,,Objd1274
512,,Objd512,1275,,Objd1275
1277,,Objd1277,1275,,Objd1275
1372,,Objd1372,1279,,Objd1279
123,,Objd123,1280,,Objd1280
502,,Objd502,1280,,Objd1280
1250,,Objd1250,1280,,Objd1280
1393,,Objd1393,1281,,Objd1281
1005,,Objd1005,1283,,Objd1283
383,,Objd383,1286,,Objd1286
502,,Objd502,1286,,Objd1286
986,,Objd986,1286,,Objd1286
46,,Objd46,1289,,Objd1289
101,,Objd101,1290,,Objd1290
502,,Objd502,1290,,Objd1290
1274,,Objd1274,1290,,Objd1290
522,,Objd522,1291,,Objd1291
1293,,Objd1293,1291,,Objd1291
12,,Objd12,1294,,Objd1294
297,,Objd297,1294,,Objd1294
332,,Objd332,1294,,Objd1294
502,,Objd502,1294,,Objd1294
563,,Objd563,1294,,Objd1294
652,,Objd652,1294,,Objd1294
304,,Objd304,1296,,Objd1296
502,,Objd502,1296,,Objd1296
1548,,Objd1548,1296,,Objd1296
249,,Objd249,1297,,Objd1297
637,,Objd637,1298,,Objd1298
1176,,Objd1176,1298,,Objd1298
1007,,Objd1007,1300,,Objd1300
404,,Objd404,1301,,Objd1301
502,,Objd502,1301,,Objd1301
1007,,Objd1007,1301,,Objd1301
502,,Objd502,1302,,Objd1302
522,,Objd522,1302,,Objd1302
1287,,Objd1287,1302,,Objd1302
715,,Objd715,1303,,Objd1303
101,,Objd101,1304,,Objd1304
172,,Objd172,1304,,Objd1304
502,,Objd502,1304,,Objd1304
727,,Objd727,1304,,Objd1304
972,,Objd972,1304,,Objd1304
533,,Objd533,1305,,Objd1305
1308,,Objd1308,1305,,Objd1305
33,,Objd33,1310,,Objd1310
304,,Objd304,1310,,Objd1310
502,,Objd502,1310,,Objd1310
1233,,Objd1233,1310,,Objd1310
1324,,Objd1324,1311,,Objd1311
1337,,Objd1337,1313,,Objd1313
415,,Objd415,1314,,Objd1314
502,,Objd502,1314,,Objd1314
1020,,Objd1020,1314,,Objd1314
94,,Objd94,1315,,Objd1315
544,,Objd544,1316,,Objd1316
1318,,Objd1318,1316,,Objd1316
30,,Objd30,1319,,Objd1319
75,,Objd75,1319,,Objd1319
88,,Objd88,1319,,Objd1319
100,,Objd100,1319,,Objd1319
103,,Objd103,1319,,Objd1319
109,,Objd109,1319,,Objd1319
113,,Objd113,1319,,Objd1319
120,,Objd120,1319,,Objd1319
149,,Objd149,1319,,Objd1319
153,,Objd153,1319,,Objd1319
168,,Objd168,1319,,Objd1319
193,,Objd193,1319,,Objd1319
199,,Objd199,1319,,Objd1319
202,,Objd202,1319,,Objd1319
238,,Objd238,1319,,Objd1319
254,,Objd254,1319,,Objd1319
274,,Objd274,1319,,Objd1319
282,,Objd282,1319,,Objd1319
313,,Objd313,1319,,Objd1319
364,,Objd364,1319,,Objd1319
400,,Objd400,1319,,Objd1319
413,,Objd413,1319,,Objd1319
424,,Objd424,1319,,Objd1319
433,,Objd433,1319,,Objd1319
470,,Objd470,1319,,Objd1319
594,,Objd594,1319,,Objd1319
598,,Objd598,1319,,Objd1319
608,,Objd608,1319,,Objd1319
619,,Objd619,1319,,Objd1319
631,,Objd631,1319,,Objd1319
643,,Objd643,1319,,Objd1319
646,,Objd646,1319,,Objd1319
648,,Objd648,1319,,Objd1319
659,,Objd659,1319,,Objd1319
963,,Objd963,1319,,Objd1319
975,,Objd975,1319,,Objd1319
992,,Objd992,1319,,Objd1319
996,,Objd996,1319,,Objd1319
1028,,Objd1028,1319,,Objd1319
1043,,Objd1043,1319,,Objd1319
1133,,Objd1133,1319,,Objd1319
1148,,Objd1148,1319,,Objd1319
1166,,Objd1166,1319,,Objd1319
1183,,Objd1183,1319,,Objd1319
1240,,Objd1240,1319,,Objd1319
1403,,Objd1403,1319,,Objd1319
1412,,Objd1412,1319,,Objd1319
1422,,Objd1422,1319,,Objd1319
1458,,Objd1458,1319,,Objd1319
1492,,Objd1492,1319,,Objd1319
1524,,Objd1524,1319,,Objd1319
1530,,Objd1530,1319,,Objd1319
1535,,Objd1535,1319,,Objd1319
1568,,Objd1568,1319,,Objd1319
1612,,Objd1612,1319,,Objd1319
1384,,Objd1384,1320,,Objd1320
304,,Objd304,1321,,Objd1321
502,,Objd502,1321,,Objd1321
502,,Objd502,1322,,Objd1322
833,,Objd833,1322,,Objd1322
1103,,Objd1103,1322,,Objd1322
1124,,Objd1124,1322,,Objd1322
1151,,Objd1151,1322,,Objd1322
1169,,Objd1169,1322,,Objd1322
1293,,Objd1293,1322,,Objd1322
1372,,Objd1372,1322,,Objd1322
1020,,Objd1020,1323,,Objd1323
712,,Objd712,1326,,Objd1326
557,,Objd557,1327,,Objd1327
1330,,Objd1330,1327,,Objd1327
805,,Objd805,1331,,Objd1331
1170,,Objd1170,1331,,Objd1331
1278,,Objd1278,1331,,Objd1331
179,,Objd179,1332,,Objd1332
502,,Objd502,1332,,Objd1332
1309,,Objd1309,1332,,Objd1332
249,,Objd249,1333,,Objd1333
321,,Objd321,1333,,Objd1333
502,,Objd502,1333,,Objd1333
1422,,Objd1422,1334,,Objd1334
502,,Objd502,1335,,Objd1335
977,,Objd977,1335,,Objd1335
998,,Objd998,1335,,Objd1335
893,,Objd893,1336,,Objd1336
502,,Objd502,1338,,Objd1338
593,,Objd593,1338,,Objd1338
1325,,Objd1325,1338,,Objd1338
129,,Objd129,1339,,Objd1339
566,,Objd566,1340,,Objd1340
1342,,Objd1342,1340,,Objd1340
307,,Objd307,1344,,Objd1344
1422,,Objd1422,1344,,Objd1344
1616,,Objd1616,1345,,Objd1345
1288,,Objd1288,1346,,Objd1346
972,,Objd972,1347,,Objd1347
575,,Objd575,1348,,Objd1348
1351,,Objd1351,1348,,Objd1348
1058,,Objd1058,1350,,Objd1350
1169,,Objd1169,1350,,Objd1350
290,,Objd290,1352,,Objd1352
502,,Objd502,1352,,Objd1352
205,,Objd205,1354,,Objd1354
1079,,Objd1079,1355,,Objd1355
1288,,Objd1288,1356,,Objd1356
321,,Objd321,1357,,Objd1357
582,,Objd582,1358,,Objd1358
1360,,Objd1360,1358,,Objd1358
94,,Objd94,1361,,Objd1361
172,,Objd172,1361,,Objd1361
204,,Objd204,1361,,Objd1361
502,,Objd502,1361,,Objd1361
623,,Objd623,1361,,Objd1361
698,,Objd698,1361,,Objd1361
727,,Objd727,1361,,Objd1361
799,,Objd799,1361,,Objd1361
836,,Objd836,1361,,Objd1361
863,,Objd863,1361,,Objd1361
972,,Objd972,1361,,Objd1361
1527,,Objd1527,1361,,Objd1361
486,,Objd486,1363,,Objd1363
893,,Objd893,1363,,Objd1363
33,,Objd33,1364,,Objd1364
46,,Objd46,1364,,Objd1364
264,,Objd264,1364,,Objd1364
502,,Objd502,1364,,Objd1364
692,,Objd692,1364,,Objd1364
698,,Objd698,1364,,Objd1364
712,,Objd712,1364,,Objd1364
715,,Objd715,1364,,Objd1364
727,,Objd727,1364,,Objd1364
760,,Objd760,1364,,Objd1364
836,,Objd836,1364,,Objd1364
972,,Objd972,1364,,Objd1364
1025,,Objd1025,1364,,Objd1364
1139,,Objd1139,1364,,Objd1364
1233,,Objd1233,1364,,Objd1364
1479,,Objd1479,1364,,Objd1364
1527,,Objd1527,1364,,Objd1364
1578,,Objd1578,1364,,Objd1364
192,,Objd192,1365,,Objd1365
1288,,Objd1288,1367,,Objd1367
1124,,Objd1124,1368,,Objd1368
593,,Objd593,1369,,Objd1369
1372,,Objd1372,1369,,Objd1369
502,,Objd502,1370,,Objd1370
698,,Objd698,1370,,Objd1370
715,,Objd715,1370,,Objd1370
1198,,Objd1198,1370,,Objd1370
1306,,Objd1306,1370,,Objd1370
1516,,Objd1516,1370,,Objd1370
1527,,Objd1527,1370,,Objd1370
502,,Objd502,1373,,Objd1373
538,,Objd538,1373,,Objd1373
563,,Objd563,1373,,Objd1373
218,,Objd218,1374,,Objd1374
502,,Objd502,1374,,Objd1374
1353,,Objd1353,1374,,Objd1374
1056,,Objd1056,1375,,Objd1375
114,,Objd114,1376,,Objd1376
999,,Objd999,1377,,Objd1377
1288,,Objd1288,1379,,Objd1379
172,,Objd172,1380,,Objd1380
333,,Objd333,1381,,Objd1381
607,,Objd607,1381,,Objd1381
618,,Objd618,1381,,Objd1381
630,,Objd630,1381,,Objd1381
642,,Objd642,1381,,Objd1381
656,,Objd656,1381,,Objd1381
669,,Objd669,1381,,Objd1381
680,,Objd680,1381,,Objd1381
695,,Objd695,1381,,Objd1381
711,,Objd711,1381,,Objd1381
726,,Objd726,1381,,Objd1381
737,,Objd737,1381,,Objd1381
753,,Objd753,1381,,Objd1381
768,,Objd768,1381,,Objd1381
783,,Objd783,1381,,Objd1381
794,,Objd794,1381,,Objd1381
805,,Objd805,1381,,Objd1381
808,,Objd808,1381,,Objd1381
819,,Objd819,1381,,Objd1381
831,,Objd831,1381,,Objd1381
842,,Objd842,1381,,Objd1381
857,,Objd857,1381,,Objd1381
870,,Objd870,1381,,Objd1381
886,,Objd886,1381,,Objd1381
898,,Objd898,1381,,Objd1381
910,,Objd910,1381,,Objd1381
930,,Objd930,1381,,Objd1381
945,,Objd945,1381,,Objd1381
958,,Objd958,1381,,Objd1381
969,,Objd969,1381,,Objd1381
989,,Objd989,1381,,Objd1381
1009,,Objd1009,1381,,Objd1381
1023,,Objd1023,1381,,Objd1381
1039,,Objd1039,1381,,Objd1381
1054,,Objd1054,1381,,Objd1381
1070,,Objd1070,1381,,Objd1381
1086,,Objd1086,1381,,Objd1381
1100,,Objd1100,1381,,Objd1381
1116,,Objd1116,1381,,Objd1381
1132,,Objd1132,1381,,Objd1381
1147,,Objd1147,1381,,Objd1381
1165,,Objd1165,1381,,Objd1381
1182,,Objd1182,1381,,Objd1381
1197,,Objd1197,1381,,Objd1381
1212,,Objd1212,1381,,Objd1381
1225,,Objd1225,1381,,Objd1381
1243,,Objd1243,1381,,Objd1381
1261,,Objd1261,1381,,Objd1381
1275,,Objd1275,1381,,Objd1381
1291,,Objd1291,1381,,Objd1381
1305,,Objd1305,1381,,Objd1381
1316,,Objd1316,1381,,Objd1381
1327,,Objd1327,1381,,Objd1381
1340,,Objd1340,1381,,Objd1381
1348,,Objd1348,1381,,Objd1381
1358,,Objd1358,1381,,Objd1381
1369,,Objd1369,1381,,Objd1381
1018,,Objd1018,1383,,Objd1383
126,,Objd126,1385,,Objd1385
502,,Objd502,1385,,Objd1385
1516,,Objd1516,1385,,Objd1385
698,,Objd698,1386,,Objd1386
938,,Objd938,1387,,Objd1387
41,,Objd41,1388,,Objd1388
1288,,Objd1288,1389,,Objd1389
1109,,Objd1109,1390,,Objd1390
623,,Objd623,1392,,Objd1392
637,,Objd637,1392,,Objd1392
154,,Objd154,1394,,Objd1394
502,,Objd502,1394,,Objd1394
1328,,Objd1328,1394,,Objd1394
94,,Objd94,1395,,Objd1395
1043,,Objd1043,1396,,Objd1396
952,,Objd952,1397,,Objd1397
1288,,Objd1288,1398,,Objd1398
1306,,Objd1306,1399,,Objd1399
623,,Objd623,1400,,Objd1400
637,,Objd637,1400,,Objd1400
675,,Objd675,1400,,Objd1400
205,,Objd205,1401,,Objd1401
142,,Objd142,1404,,Objd1404
502,,Objd502,1404,,Objd1404
1306,,Objd1306,1404,,Objd1404
1483,,Objd1483,1405,,Objd1405
90,,Objd90,1406,,Objd1406
33,,Objd33,1408,,Objd1408
128,,Objd128,1408,,Objd1408
623,,Objd623,1408,,Objd1408
833,,Objd833,1408,,Objd1408
1103,,Objd1103,1408,,Objd1408
1151,,Objd1151,1408,,Objd1408
1169,,Objd1169,1408,,Objd1408
1514,,Objd1514,1408,,Objd1408
1516,,Objd1516,1409,,Objd1409
502,,Objd502,1411,,Objd1411
1499,,Objd1499,1411,,Objd1411
1548,,Objd1548,1411,,Objd1411
1590,,Objd1590,1411,,Objd1411
183,,Objd183,1413,,Objd1413
502,,Objd502,1414,,Objd1414
921,,Objd921,1414,,Objd1414
1450,,Objd1450,1414,,Objd1414
1494,,Objd1494,1415,,Objd1415
128,,Objd128,1417,,Objd1417
1167,,Objd1167,1417,,Objd1417
1537,,Objd1537,1417,,Objd1417
172,,Objd172,1418,,Objd1418
919,,Objd919,1418,,Objd1418
1575,,Objd1575,1419,,Objd1419
182,,Objd182,1421,,Objd1421
204,,Objd204,1424,,Objd1424
891,,Objd891,1425,,Objd1425
805,,Objd805,1426,,Objd1426
1170,,Objd1170,1426,,Objd1426
33,,Objd33,1428,,Objd1428
304,,Objd304,1428,,Objd1428
502,,Objd502,1428,,Objd1428
1233,,Objd1233,1428,,Objd1428
228,,Objd228,1429,,Objd1429
502,,Objd502,1430,,Objd1430
881,,Objd881,1430,,Objd1430
205,,Objd205,1431,,Objd1431
169,,Objd169,1433,,Objd1433
805,,Objd805,1433,,Objd1433
1108,,Objd1108,1433,,Objd1433
1226,,Objd1226,1433,,Objd1433
663,,Objd663,1434,,Objd1434
1157,,Objd1157,1434,,Objd1434
252,,Objd252,1435,,Objd1435
279,,Objd279,1435,,Objd1435
502,,Objd502,1435,,Objd1435
502,,Objd502,1436,,Objd1436
707,,Objd707,1436,,Objd1436
1393,,Objd1393,1436,,Objd1436
12,,Objd12,1437,,Objd1437
332,,Objd332,1437,,Objd1437
502,,Objd502,1437,,Objd1437
652,,Objd652,1437,,Objd1437
79,,Objd79,1438,,Objd1438
9,,Objd9,1439,,Objd1439
29,,Objd29,1439,,Objd1439
55,,Objd55,1439,,Objd1439
498,,Objd498,1439,,Objd1439
502,,Objd502,1439,,Objd1439
632,,Objd632,1439,,Objd1439
942,,Objd942,1439,,Objd1439
956,,Objd956,1439,,Objd1439
986,,Objd986,1439,,Objd1439
1007,,Objd1007,1439,,Objd1439
1020,,Objd1020,1439,,Objd1439
1606,,Objd1606,1439,,Objd1439
865,,Objd865,1440,,Objd1440
128,,Objd128,1441,,Objd1441
304,,Objd304,1441,,Objd1441
1548,,Objd1548,1441,,Objd1441
1578,,Objd1578,1442,,Objd1442
394,,Objd394,1444,,Objd1444
891,,Objd891,1444,,Objd1444
637,,Objd637,1445,,Objd1445
675,,Objd675,1445,,Objd1445
502,,Objd502,1446,,Objd1446
1510,,Objd1510,1446,,Objd1446
332,,Objd332,1447,,Objd1447
1403,,Objd1403,1447,,Objd1447
259,,Objd259,1448,,Objd1448
502,,Objd502,1448,,Objd1448
1423,,Objd1423,1448,,Objd1448
69,,Objd69,1449,,Objd1449
667,,Objd667,1451,,Objd1451
128,,Objd128,1453,,Objd1453
172,,Objd172,1453,,Objd1453
502,,Objd502,1453,,Objd1453
640,,Objd640,1453,,Objd1453
1514,,Objd1514,1453,,Objd1453
252,,Objd252,1454,,Objd1454
172,,Objd172,1457,,Objd1457
264,,Objd264,1457,,Objd1457
321,,Objd321,1457,,Objd1457
502,,Objd502,1457,,Objd1457
972,,Objd972,1457,,Objd1457
1527,,Objd1527,1457,,Objd1457
666,,Objd666,1459,,Objd1459
172,,Objd172,1460,,Objd1460
246,,Objd246,1460,,Objd1460
304,,Objd304,1460,,Objd1460
502,,Objd502,1460,,Objd1460
972,,Objd972,1460,,Objd1460
1167,,Objd1167,1460,,Objd1460
1527,,Objd1527,1460,,Objd1460
29,,Objd29,1461,,Objd1461
12,,Objd12,1462,,Objd1462
19,,Objd19,1462,,Objd1462
33,,Objd33,1462,,Objd1462
46,,Objd46,1462,,Objd1462
172,,Objd172,1462,,Objd1462
321,,Objd321,1462,,Objd1462
502,,Objd502,1462,,Objd1462
698,,Objd698,1462,,Objd1462
712,,Objd712,1462,,Objd1462
715,,Objd715,1462,,Objd1462
727,,Objd727,1462,,Objd1462
760,,Objd760,1462,,Objd1462
972,,Objd972,1462,,Objd1462
1124,,Objd1124,1462,,Objd1462
1479,,Objd1479,1462,,Objd1462
1527,,Objd1527,1462,,Objd1462
1575,,Objd1575,1462,,Objd1462
1578,,Objd1578,1462,,Objd1462
155,,Objd155,1464,,Objd1464
700,,Objd700,1464,,Objd1464
1527,,Objd1527,1464,,Objd1464
1328,,Objd1328,1465,,Objd1465
20,,Objd20,1468,,Objd1468
1590,,Objd1590,1469,,Objd1469
304,,Objd304,1470,,Objd1470
502,,Objd502,1470,,Objd1470
1462,,Objd1462,1470,,Objd1470
128,,Objd128,1471,,Objd1471
866,,Objd866,1471,,Objd1471
896,,Objd896,1471,,Objd1471
906,,Objd906,1471,,Objd1471
1514,,Objd1514,1471,,Objd1471
1529,,Objd1529,1471,,Objd1471
538,,Objd538,1472,,Objd1472
688,,Objd688,1474,,Objd1474
104,,Objd104,1475,,Objd1475
55,,Objd55,1476,,Objd1476
279,,Objd279,1477,,Objd1477
294,,Objd294,1481,,Objd1481
502,,Objd502,1481,,Objd1481
1467,,Objd1467,1481,,Objd1481
202,,Objd202,1482,,Objd1482
1160,,Objd1160,1484,,Objd1484
172,,Objd172,1487,,Objd1487
502,,Objd502,1487,,Objd1487
972,,Objd972,1487,,Objd1487
1124,,Objd1124,1487,,Objd1487
1167,,Objd1167,1487,,Objd1487
698,,Objd698,1488,,Objd1488
129,,Objd129,1491,,Objd1491
172,,Objd172,1491,,Objd1491
1402,,Objd1402,1491,,Objd1491
1143,,Objd1143,1493,,Objd1493
691,,Objd691,1495,,Objd1495
1479,,Objd1479,1497,,Objd1497
688,,Objd688,1498,,Objd1498
258,,Objd258,1500,,Objd1500
859,,Objd859,1500,,Objd1500
888,,Objd888,1500,,Objd1500
1151,,Objd1151,1500,,Objd1500
1372,,Objd1372,1500,,Objd1500
43,,Objd43,1502,,Objd1502
804,,Objd804,1503,,Objd1503
172,,Objd172,1504,,Objd1504
304,,Objd304,1504,,Objd1504
502,,Objd502,1504,,Objd1504
972,,Objd972,1504,,Objd1504
1124,,Objd1124,1504,,Objd1504
1479,,Objd1479,1504,,Objd1504
1527,,Objd1527,1504,,Objd1504
481,,Objd481,1505,,Objd1505
688,,Objd688,1506,,Objd1506
59,,Objd59,1508,,Objd1508
690,,Objd690,1508,,Objd1508
790,,Objd790,1508,,Objd1508
91,,Objd91,1509,,Objd1509
94,,Objd94,1510,,Objd1510
172,,Objd172,1510,,Objd1510
205,,Objd205,1510,,Objd1510
502,,Objd502,1510,,Objd1510
672,,Objd672,1510,,Objd1510
698,,Objd698,1510,,Objd1510
715,,Objd715,1510,,Objd1510
821,,Objd821,1510,,Objd1510
949,,Objd949,1510,,Objd1510
972,,Objd972,1510,,Objd1510
1060,,Objd1060,1510,,Objd1510
1089,,Objd1089,1510,,Objd1510
1479,,Objd1479,1510,,Objd1510
1527,,Objd1527,1510,,Objd1510
1544,,Objd1544,1510,,Objd1510
1578,,Objd1578,1510,,Objd1510
502,,Objd502,1511,,Objd1511
1483,,Objd1483,1511,,Objd1511
1494,,Objd1494,1511,,Objd1511
828,,Objd828,1512,,Objd1512
33,,Objd33,1513,,Objd1513
304,,Objd304,1513,,Objd1513
502,,Objd502,1513,,Objd1513
865,,Objd865,1513,,Objd1513
923,,Objd923,1513,,Objd1513
972,,Objd972,1513,,Objd1513
1124,,Objd1124,1513,,Objd1513
1527,,Objd1527,1513,,Objd1513
1139,,Objd1139,1515,,Objd1515
1117,,Objd1117,1517,,Objd1517
338,,Objd338,1519,,Objd1519
502,,Objd502,1519,,Objd1519
1501,,Objd1501,1519,,Objd1519
1578,,Objd1578,1520,,Objd1520
707,,Objd707,1521,,Objd1521
304,,Objd304,1523,,Objd1523
502,,Objd502,1523,,Objd1523
865,,Objd865,1523,,Objd1523
923,,Objd923,1523,,Objd1523
972,,Objd972,1523,,Objd1523
1124,,Objd1124,1523,,Objd1523
1259,,Objd1259,1525,,Objd1525
33,,Objd33,1526,,Objd1526
502,,Objd502,1526,,Objd1526
640,,Objd640,1526,,Objd1526
707,,Objd707,1526,,Objd1526
852,,Objd852,1526,,Objd1526
883,,Objd883,1526,,Objd1526
1025,,Objd1025,1526,,Objd1526
1233,,Objd1233,1531,,Objd1531
852,,Objd852,1532,,Objd1532
304,,Objd304,1534,,Objd1534
502,,Objd502,1534,,Objd1534
865,,Objd865,1534,,Objd1534
923,,Objd923,1534,,Objd1534
972,,Objd972,1534,,Objd1534
1124,,Objd1124,1534,,Objd1534
1527,,Objd1527,1534,,Objd1534
288,,Objd288,1536,,Objd1536
743,,Objd743,1538,,Objd1538
502,,Objd502,1541,,Objd1541
1418,,Objd1418,1541,,Objd1541
319,,Objd319,1542,,Objd1542
722,,Objd722,1543,,Objd1543
1527,,Objd1527,1545,,Objd1545
1366,,Objd1366,1549,,Objd1549
883,,Objd883,1551,,Objd1551
1010,,Objd1010,1552,,Objd1552
727,,Objd727,1553,,Objd1553
465,,Objd465,1554,,Objd1554
641,,Objd641,1554,,Objd1554
960,,Objd960,1556,,Objd1556
389,,Objd389,1557,,Objd1557
502,,Objd502,1557,,Objd1557
1540,,Objd1540,1557,,Objd1557
665,,Objd665,1558,,Objd1558
502,,Objd502,1561,,Objd1561
1535,,Objd1535,1561,,Objd1561
1544,,Objd1544,1561,,Objd1561
1544,,Objd1544,1562,,Objd1562
476,,Objd476,1563,,Objd1563
668,,Objd668,1563,,Objd1563
971,,Objd971,1567,,Objd1567
1574,,Objd1574,1571,,Objd1571
640,,Objd640,1572,,Objd1572
486,,Objd486,1576,,Objd1576
490,,Objd490,1577,,Objd1577
694,,Objd694,1577,,Objd1577
653,,Objd653,1580,,Objd1580
205,,Objd205,1581,,Objd1581
123,,Objd123,1584,,Objd1584
502,,Objd502,1585,,Objd1585
698,,Objd698,1585,,Objd1585
780,,Objd780,1585,,Objd1585
972,,Objd972,1585,,Objd1585
602,,Objd602,1586,,Objd1586
612,,Objd612,1588,,Objd1588
499,,Objd499,1589,,Objd1589
725,,Objd725,1589,,Objd1589
688,,Objd688,1591,,Objd1591
342,,Objd342,1592,,Objd1592
1402,,Objd1402,1593,,Objd1593
1479,,Objd1479,1593,,Objd1593
1527,,Objd1527,1593,,Objd1593
894,,Objd894,1594,,Objd1594
114,,Objd114,1597,,Objd1597
502,,Objd502,1597,,Objd1597
1575,,Objd1575,1597,,Objd1597
743,,Objd743,1598,,Objd1598
510,,Objd510,1599,,Objd1599
752,,Objd752,1599,,Objd1599
1566,,Objd1566,1600,,Objd1600
435,,Objd435,1601,,Objd1601
502,,Objd502,1601,,Objd1601
1582,,Objd1582,1601,,Objd1601
101,,Objd101,1602,,Objd1602
172,,Objd172,1602,,Objd1602
304,,Objd304,1602,,Objd1602
502,,Objd502,1602,,Objd1602
727,,Objd727,1602,,Objd1602
972,,Objd972,1602,,Objd1602
1242,,Objd1242,1602,,Objd1602
1570,,Objd1570,1602,,Objd1602
358,,Objd358,1603,,Objd1603
953,,Objd953,1604,,Objd1604
277,,Objd277,1608,,Objd1608
520,,Objd520,1609,,Objd1609
782,,Objd782,1609,,Objd1609
370,,Objd370,1614,,Objd1614
1610,,Objd1610,1615,,Objd1615
719,,Objd719,1618,,Objd1618
