schema_name,id,Object Id,type_desc,create_date,modify_date,num_rows,description
,Objd1,1,SQL_STORED_PROCEDURE,2020/3/16,2020/3/16,,
,Objd2,2,SQL_STORED_PROCEDURE,2021/12/17,2021/12/24,,
,Objd3,3,USER_TABLE,2019/5/17,2019/5/17,,
,Objd4,4,USER_TABLE,2021/10/18,2021/10/18,,
,Objd5,5,SQL_STORED_PROCEDURE,2021/12/14,2021/12/14,,
,Objd6,6,VIEW,2019/6/28,2019/7/3,,
,Objd7,7,VIEW,2019/8/19,2019/9/16,,
,Objd8,8,VIEW,2020/3/30,2020/3/30,,
,Objd9,9,USER_TABLE,2017/8/7,2017/12/17,,
,Objd10,10,VIEW,2019/8/19,2019/8/19,,
,Objd11,11,SQL_STORED_PROCEDURE,2020/3/16,2020/3/16,,
,Objd12,12,USER_TABLE,2014/12/30,2017/12/17,,
,Objd13,13,USER_TABLE,2022/1/25,2022/1/25,,
,Objd14,14,VIEW,2016/11/11,2016/11/11,,
,Objd15,15,VIEW,2021/11/2,2021/11/2,,
,Objd16,16,USER_TABLE,2021/10/18,2021/10/18,,
,Objd17,17,VIEW,2019/6/28,2019/7/3,,
,Objd18,18,VIEW,2019/8/19,2019/9/16,,
,Objd19,19,USER_TABLE,2015/10/26,2015/10/26,,
,Objd20,20,USER_TABLE,2017/11/28,2017/11/28,,
,Objd21,21,VIEW,2019/8/19,2019/8/19,,
,Objd22,22,SQL_STORED_PROCEDURE,2020/3/16,2020/3/16,,
,Objd23,23,VIEW,2022/2/3,2022/2/3,,
,Objd24,24,SQL_STORED_PROCEDURE,2019/5/17,2019/9/16,,
,Objd25,25,USER_TABLE,2021/10/18,2021/10/18,,
,Objd26,26,VIEW,2019/6/28,2019/7/3,,
,Objd27,27,VIEW,2019/8/19,2019/9/16,,
,Objd28,28,USER_TABLE,2019/6/6,2019/6/6,,
,Objd29,29,USER_TABLE,2017/8/7,2017/12/17,,
,Objd30,30,USER_TABLE,2015/10/26,2015/10/26,,
,Objd31,31,USER_TABLE,2017/11/28,2017/11/28,,
,Objd32,32,VIEW,2019/8/19,2019/8/19,,
,Objd33,33,USER_TABLE,2022/1/27,2022/1/27,,
,Objd34,34,SQL_STORED_PROCEDURE,2020/3/16,2020/3/16,,
,Objd35,35,VIEW,2016/11/11,2016/11/11,,
,Objd36,36,SQL_STORED_PROCEDURE,2019/5/17,2019/9/16,,
,Objd37,37,USER_TABLE,2021/10/18,2021/10/18,,
,Objd38,38,VIEW,2019/6/28,2019/9/11,,
,Objd39,39,SQL_STORED_PROCEDURE,2019/3/27,2019/9/16,,
,Objd40,40,VIEW,2019/8/19,2019/9/16,,
,Objd41,41,USER_TABLE,2019/6/6,2019/6/6,,
,Objd42,42,SQL_STORED_PROCEDURE,2019/10/31,2019/10/31,,
,Objd43,43,USER_TABLE,2017/11/28,2020/12/15,,
,Objd44,44,VIEW,2019/8/19,2019/8/19,,
,Objd45,45,SQL_STORED_PROCEDURE,2020/3/16,2020/3/16,,
,Objd46,46,USER_TABLE,2014/12/30,2017/12/17,,
,Objd47,47,SQL_STORED_PROCEDURE,2016/11/11,2016/11/11,,
,Objd48,48,VIEW,2020/7/8,2020/7/8,,
,Objd49,49,SQL_STORED_PROCEDURE,2019/5/17,2019/5/17,,
,Objd50,50,USER_TABLE,2021/10/18,2021/10/18,,
,Objd51,51,VIEW,2019/6/28,2019/7/3,,
,Objd52,52,SQL_STORED_PROCEDURE,2019/3/27,2019/9/16,,
,Objd53,53,SQL_STORED_PROCEDURE,2021/11/5,2021/11/5,,
,Objd54,54,VIEW,2019/8/19,2019/9/16,,
,Objd55,55,USER_TABLE,2017/8/7,2017/12/17,,
,Objd56,56,USER_TABLE,2022/3/7,2022/3/7,,
,Objd57,57,USER_TABLE,2017/11/28,2017/11/28,,
,Objd58,58,VIEW,2019/8/19,2019/8/19,,
,Objd59,59,USER_TABLE,2022/1/27,2022/1/27,,
,Objd60,60,SQL_STORED_PROCEDURE,2020/3/16,2020/3/16,,
,Objd61,61,SQL_STORED_PROCEDURE,2016/11/11,2016/11/11,,
,Objd62,62,SQL_STORED_PROCEDURE,2019/5/17,2019/5/17,,
,Objd63,63,USER_TABLE,2021/10/18,2021/10/18,,
,Objd64,64,VIEW,2019/6/28,2019/7/3,,
,Objd65,65,VIEW,2019/12/13,2019/12/13,,
,Objd66,66,VIEW,2019/8/19,2019/9/16,,
,Objd67,67,USER_TABLE,2020/4/1,2020/4/1,,
,Objd68,68,SQL_STORED_PROCEDURE,2015/10/26,2019/9/16,,
,Objd69,69,USER_TABLE,2017/11/28,2017/11/28,,
,Objd70,70,VIEW,2019/8/19,2019/8/19,,
,Objd71,71,SQL_STORED_PROCEDURE,2020/3/16,2020/3/16,,
,Objd72,72,VIEW,2019/9/12,2019/9/12,,
,Objd73,73,VIEW,2020/7/8,2020/7/8,,
,Objd74,74,USER_TABLE,2021/10/18,2021/10/18,,
,Objd75,75,USER_TABLE,2019/5/17,2019/5/17,,
,Objd76,76,VIEW,2019/8/19,2019/9/16,,
,Objd77,77,USER_TABLE,2019/6/6,2019/6/6,,
,Objd78,78,USER_TABLE,2020/4/1,2020/4/1,,
,Objd79,79,USER_TABLE,2017/11/28,2021/12/12,,
,Objd80,80,VIEW,2019/8/19,2019/8/19,,
,Objd81,81,SQL_STORED_PROCEDURE,2020/3/16,2020/3/16,,
,Objd82,82,VIEW,2016/11/11,2016/11/11,,
,Objd83,83,VIEW,2020/7/8,2020/7/8,,
,Objd84,84,SQL_STORED_PROCEDURE,2019/5/17,2019/5/17,,
,Objd85,85,USER_TABLE,2021/10/18,2021/10/18,,
,Objd86,86,VIEW,2019/6/28,2019/9/11,,
,Objd87,87,VIEW,2018/12/21,2018/12/21,,
,Objd88,88,USER_TABLE,2019/5/17,2019/5/17,,
,Objd89,89,VIEW,2019/8/19,2019/9/16,,
,Objd90,90,USER_TABLE,2019/6/6,2019/6/6,,
,Objd91,91,USER_TABLE,2017/11/28,2017/11/28,,
,Objd92,92,VIEW,2019/8/19,2019/8/19,,
,Objd93,93,SQL_STORED_PROCEDURE,2020/3/16,2020/3/16,,
,Objd94,94,USER_TABLE,2014/12/30,2017/12/17,,
,Objd95,95,VIEW,2020/7/8,2020/7/8,,
,Objd96,96,USER_TABLE,2021/10/18,2021/10/18,,
,Objd97,97,VIEW,2019/6/28,2019/7/3,,
,Objd98,98,USER_TABLE,2017/9/12,2020/5/29,,
,Objd99,99,USER_TABLE,2019/8/2,2019/8/2,,
,Objd100,100,USER_TABLE,2019/5/17,2019/5/17,,
,Objd101,101,USER_TABLE,2021/10/8,2021/10/8,,
,Objd102,102,VIEW,2019/8/19,2019/9/16,,
,Objd103,103,USER_TABLE,2015/10/29,2021/12/12,,
,Objd104,104,USER_TABLE,2017/11/28,2017/11/28,,
,Objd105,105,VIEW,2019/8/19,2019/8/19,,
,Objd106,106,SQL_STORED_PROCEDURE,2020/3/16,2020/3/16,,
,Objd107,107,VIEW,2020/7/8,2020/7/8,,
,Objd108,108,USER_TABLE,2021/10/18,2021/10/18,,
,Objd109,109,USER_TABLE,2019/5/17,2019/5/17,,
,Objd110,110,VIEW,2019/8/19,2019/9/16,,
,Objd111,111,VIEW,2020/4/1,2020/4/1,,
,Objd112,112,VIEW,2021/10/26,2021/10/26,,
,Objd113,113,USER_TABLE,2015/10/29,2021/12/12,,
,Objd114,114,USER_TABLE,2017/11/28,2017/11/28,,
,Objd115,115,VIEW,2019/8/19,2019/8/19,,
,Objd116,116,USER_TABLE,2022/1/25,2022/1/25,,
,Objd117,117,USER_TABLE,2021/10/18,2021/10/18,,
,Objd118,118,VIEW,2019/6/28,2019/6/28,,
,Objd119,119,SQL_STORED_PROCEDURE,2017/9/12,2019/9/16,,
,Objd120,120,USER_TABLE,2019/5/17,2019/5/17,,
,Objd121,121,SQL_STORED_PROCEDURE,2022/1/7,2022/1/11,,
,Objd122,122,VIEW,2019/8/19,2019/9/16,,
,Objd123,123,USER_TABLE,2019/6/6,2019/6/6,,
,Objd124,124,SQL_STORED_PROCEDURE,2020/4/1,2020/4/3,,
,Objd125,125,VIEW,2021/10/26,2021/10/26,,
,Objd126,126,USER_TABLE,2017/11/28,2017/11/28,,
,Objd127,127,VIEW,2019/8/19,2019/8/19,,
,Objd128,128,USER_TABLE,2020/3/16,2020/3/16,,
,Objd129,129,USER_TABLE,2014/12/30,2017/12/17,,
,Objd130,130,USER_TABLE,2022/1/25,2022/1/25,,
,Objd131,131,VIEW,2017/10/8,2017/10/8,,
,Objd132,132,SQL_STORED_PROCEDURE,2021/8/6,2021/8/6,,
,Objd133,133,USER_TABLE,2021/10/18,2021/10/18,,
,Objd134,134,VIEW,2019/6/28,2019/9/11,,
,Objd135,135,SQL_STORED_PROCEDURE,2019/5/17,2019/9/16,,
,Objd136,136,VIEW,2019/8/19,2019/9/16,,
,Objd137,137,USER_TABLE,2019/6/6,2019/6/6,,
,Objd138,138,SQL_STORED_PROCEDURE,2020/4/1,2020/4/2,,
,Objd139,139,VIEW,2021/10/26,2021/10/26,,
,Objd140,140,SQL_STORED_PROCEDURE,2017/8/7,2019/9/16,,
,Objd141,141,USER_TABLE,2021/12/9,2021/12/9,,
,Objd142,142,USER_TABLE,2017/11/28,2017/11/28,,
,Objd143,143,SQL_STORED_PROCEDURE,2018/3/5,2018/3/8,,
,Objd144,144,USER_TABLE,2022/1/25,2022/1/25,,
,Objd145,145,VIEW,2017/10/8,2017/10/8,,
,Objd146,146,VIEW,2019/8/19,2019/8/19,,
,Objd147,147,USER_TABLE,2021/10/18,2021/10/18,,
,Objd148,148,VIEW,2019/6/28,2019/7/3,,
,Objd149,149,USER_TABLE,2019/5/17,2019/5/17,,
,Objd150,150,VIEW,2019/8/19,2019/9/16,,
,Objd151,151,SQL_STORED_PROCEDURE,2020/4/1,2020/4/1,,
,Objd152,152,USER_TABLE,2021/12/9,2021/12/9,,
,Objd153,153,USER_TABLE,2015/10/29,2017/6/26,,
,Objd154,154,USER_TABLE,2017/11/28,2017/11/28,,
,Objd155,155,VIEW,2021/8/23,2022/1/21,,
,Objd156,156,USER_TABLE,2020/3/16,2020/3/16,,
,Objd157,157,USER_TABLE,2022/1/25,2022/1/25,,
,Objd158,158,VIEW,2019/9/13,2019/9/13,,
,Objd159,159,VIEW,2020/1/21,2020/1/21,,
,Objd160,160,USER_TABLE,2021/10/18,2021/10/18,,
,Objd161,161,VIEW,2019/6/28,2019/9/11,,
,Objd162,162,SQL_STORED_PROCEDURE,2021/11/30,2022/3/24,,
,Objd163,163,USER_TABLE,2019/5/17,2019/5/17,,
,Objd164,164,VIEW,2019/8/19,2019/9/16,,
,Objd165,165,SQL_STORED_PROCEDURE,2017/8/7,2017/8/7,,
,Objd166,166,SQL_STORED_PROCEDURE,2019/7/22,2019/7/22,,
,Objd167,167,SQL_STORED_PROCEDURE,2021/11/16,2021/11/24,,
,Objd168,168,USER_TABLE,2015/10/29,2015/10/29,,
,Objd169,169,SQL_STORED_PROCEDURE,2021/8/23,2021/8/23,,
,Objd170,170,USER_TABLE,2020/3/16,2020/3/16,,
,Objd171,171,USER_TABLE,2017/6/21,2018/1/10,,
,Objd172,172,USER_TABLE,2014/12/31,2021/8/5,,
,Objd173,173,VIEW,2019/9/13,2019/9/13,,
,Objd174,174,VIEW,2020/1/21,2020/1/21,,
,Objd175,175,USER_TABLE,2021/10/18,2021/10/18,,
,Objd176,176,VIEW,2019/6/28,2019/9/11,,
,Objd177,177,USER_TABLE,2016/2/25,2016/3/3,,
,Objd178,178,VIEW,2019/8/19,2019/9/16,,
,Objd179,179,USER_TABLE,2019/6/6,2019/6/6,,
,Objd180,180,VIEW,2021/6/18,2021/6/18,,
,Objd181,181,USER_TABLE,2017/11/28,2017/11/28,,
,Objd182,182,USER_TABLE,2020/3/16,2020/3/16,,
,Objd183,183,USER_TABLE,2017/6/21,2018/1/10,,
,Objd184,184,USER_TABLE,2016/12/14,2017/12/17,,
,Objd185,185,VIEW,2020/1/21,2020/1/21,,
,Objd186,186,USER_TABLE,2021/10/18,2021/10/18,,
,Objd187,187,VIEW,2019/6/28,2019/9/11,,
,Objd188,188,SQL_STORED_PROCEDURE,2019/5/17,2019/9/16,,
,Objd189,189,USER_TABLE,2016/2/25,2016/3/3,,
,Objd190,190,VIEW,2020/12/8,2020/12/8,,
,Objd191,191,VIEW,2019/8/19,2019/9/16,,
,Objd192,192,USER_TABLE,2019/6/6,2019/6/6,,
,Objd193,193,USER_TABLE,2015/10/29,2015/10/29,,
,Objd194,194,USER_TABLE,2017/11/28,2017/11/28,,
,Objd195,195,USER_TABLE,2017/6/21,2018/1/10,,
,Objd196,196,USER_TABLE,2021/10/18,2021/10/18,,
,Objd197,197,VIEW,2016/7/13,2016/7/13,,
,Objd198,198,VIEW,2019/6/28,2019/7/3,,
,Objd199,199,USER_TABLE,2019/5/17,2019/5/17,,
,Objd200,200,USER_TABLE,2019/7/22,2019/7/22,,
,Objd201,201,VIEW,2022/1/18,2022/1/18,,
,Objd202,202,USER_TABLE,2015/10/29,2015/10/29,,
,Objd203,203,USER_TABLE,2017/11/28,2017/11/28,,
,Objd204,204,USER_TABLE,2017/6/21,2018/1/10,,
,Objd205,205,USER_TABLE,2014/12/31,2019/6/26,,
,Objd206,206,USER_TABLE,2021/10/18,2021/10/18,,
,Objd207,207,VIEW,2016/7/13,2016/7/13,,
,Objd208,208,VIEW,2019/6/28,2019/9/11,,
,Objd209,209,USER_TABLE,2021/1/13,2021/1/13,,
,Objd210,210,USER_TABLE,2019/5/17,2019/5/17,,
,Objd211,211,VIEW,2019/12/16,2019/12/16,,
,Objd212,212,SQL_STORED_PROCEDURE,2019/7/22,2019/9/16,,
,Objd213,213,USER_TABLE,2017/11/28,2017/11/28,,
,Objd214,214,USER_TABLE,2021/10/18,2021/10/18,,
,Objd215,215,VIEW,2016/7/13,2016/7/13,,
,Objd216,216,VIEW,2019/6/28,2019/9/17,,
,Objd217,217,USER_TABLE,2021/1/13,2021/1/13,,
,Objd218,218,USER_TABLE,2019/6/6,2019/6/6,,
,Objd219,219,SQL_STORED_PROCEDURE,2019/7/22,2019/9/16,,
,Objd220,220,USER_TABLE,2019/11/6,2019/11/6,,
,Objd221,221,USER_TABLE,2017/11/28,2017/11/28,,
,Objd222,222,USER_TABLE,2016/12/14,2017/12/17,,
,Objd223,223,USER_TABLE,2021/12/3,2021/12/3,,
,Objd224,224,USER_TABLE,2021/10/18,2021/10/18,,
,Objd225,225,VIEW,2016/7/13,2016/7/13,,
,Objd226,226,VIEW,2019/6/28,2019/6/28,,
,Objd227,227,SQL_STORED_PROCEDURE,2019/5/17,2019/9/16,,
,Objd228,228,USER_TABLE,2019/6/6,2019/6/6,,
,Objd229,229,SQL_STORED_PROCEDURE,2019/7/22,2019/9/16,,
,Objd230,230,SQL_STORED_PROCEDURE,2022/3/25,2022/3/25,,
,Objd231,231,USER_TABLE,2017/11/28,2017/11/28,,
,Objd232,232,VIEW,2020/3/16,2020/3/16,,
,Objd233,233,USER_TABLE,2022/3/1,2022/3/1,,
,Objd234,234,USER_TABLE,2018/4/30,2018/4/30,,
,Objd235,235,USER_TABLE,2021/10/18,2021/10/18,,
,Objd236,236,VIEW,2016/7/13,2016/7/13,,
,Objd237,237,USER_TABLE,2021/1/13,2021/1/13,,
,Objd238,238,USER_TABLE,2019/5/17,2019/5/17,,
,Objd239,239,USER_TABLE,2016/2/25,2016/3/3,,
,Objd240,240,SQL_STORED_PROCEDURE,2019/7/22,2019/9/16,,
,Objd241,241,USER_TABLE,2017/11/28,2017/11/28,,
,Objd242,242,VIEW,2020/3/16,2020/3/16,,
,Objd243,243,USER_TABLE,2017/6/29,2017/6/29,,
,Objd244,244,USER_TABLE,2021/10/18,2021/10/18,,
,Objd245,245,VIEW,2019/6/28,2019/6/28,,
,Objd246,246,USER_TABLE,2019/5/17,2019/5/17,,
,Objd247,247,USER_TABLE,2016/2/25,2016/3/3,,
,Objd248,248,SQL_STORED_PROCEDURE,2019/7/22,2019/9/16,,
,Objd249,249,USER_TABLE,2017/11/28,2017/11/28,,
,Objd250,250,USER_TABLE,2021/11/25,2021/11/25,,
,Objd251,251,VIEW,2020/3/16,2020/3/16,,
,Objd252,252,USER_TABLE,2014/12/31,2017/12/17,,
,Objd253,253,SQL_STORED_PROCEDURE,2016/12/23,2019/9/16,,
,Objd254,254,USER_TABLE,2018/4/30,2018/4/30,,
,Objd255,255,USER_TABLE,2021/10/18,2021/12/19,,
,Objd256,256,VIEW,2019/6/28,2019/6/28,,
,Objd257,257,USER_TABLE,2021/1/13,2021/1/13,,
,Objd258,258,USER_TABLE,2021/11/6,2021/11/6,,
,Objd259,259,USER_TABLE,2019/6/6,2019/6/6,,
,Objd260,260,SQL_STORED_PROCEDURE,2019/7/22,2019/9/16,,
,Objd261,261,VIEW,2020/3/16,2020/3/16,,
,Objd262,262,SQL_STORED_PROCEDURE,2017/6/29,2017/6/29,,
,Objd263,263,SQL_STORED_PROCEDURE,2016/12/23,2019/9/16,,
,Objd264,264,USER_TABLE,2018/4/30,2018/4/30,,
,Objd265,265,USER_TABLE,2021/10/18,2021/10/18,,
,Objd266,266,VIEW,2019/6/28,2019/6/28,,
,Objd267,267,SQL_STORED_PROCEDURE,2021/11/19,2021/11/29,,
,Objd268,268,SQL_STORED_PROCEDURE,2019/5/17,2019/9/16,,
,Objd269,269,USER_TABLE,2019/6/6,2019/6/6,,
,Objd270,270,SQL_STORED_PROCEDURE,2019/7/22,2019/9/16,,
,Objd271,271,USER_TABLE,2019/6/4,2019/6/4,,
,Objd272,272,VIEW,2020/3/16,2020/3/16,,
,Objd273,273,USER_TABLE,2021/1/13,2021/1/13,,
,Objd274,274,USER_TABLE,2019/5/17,2019/5/17,,
,Objd275,275,SQL_STORED_PROCEDURE,2021/11/5,2021/11/5,,
,Objd276,276,SQL_STORED_PROCEDURE,2019/7/22,2019/9/16,,
,Objd277,277,USER_TABLE,2019/6/4,2019/6/4,,
,Objd278,278,VIEW,2020/3/16,2020/3/16,,
,Objd279,279,USER_TABLE,2014/12/31,2017/12/17,,
,Objd280,280,VIEW,2021/11/2,2021/11/2,,
,Objd281,281,SQL_STORED_PROCEDURE,2019/6/28,2019/7/2,,
,Objd282,282,USER_TABLE,2018/4/30,2018/4/30,,
,Objd283,283,USER_TABLE,2021/10/18,2021/10/18,,
,Objd284,284,USER_TABLE,2019/5/17,2019/5/17,,
,Objd285,285,SQL_STORED_PROCEDURE,2019/7/22,2019/9/16,,
,Objd286,286,VIEW,2020/3/16,2020/3/16,,
,Objd287,287,SQL_STORED_PROCEDURE,2021/10/21,2022/3/25,,
,Objd288,288,USER_TABLE,2018/4/30,2018/4/30,,
,Objd289,289,USER_TABLE,2021/10/18,2021/10/20,,
,Objd290,290,SQL_STORED_PROCEDURE,2016/7/14,2016/7/14,,
,Objd291,291,SQL_STORED_PROCEDURE,2021/11/19,2021/11/19,,
,Objd292,292,VIEW,2020/12/9,2020/12/9,,
,Objd293,293,USER_TABLE,2021/11/5,2021/11/5,,
,Objd294,294,USER_TABLE,2019/6/6,2019/6/6,,
,Objd295,295,SQL_STORED_PROCEDURE,2019/7/22,2019/9/16,,
,Objd296,296,VIEW,2020/3/16,2020/3/16,,
,Objd297,297,USER_TABLE,2014/1/8,2017/12/17,,
,Objd298,298,SQL_STORED_PROCEDURE,2021/8/7,2021/8/7,,
,Objd299,299,USER_TABLE,2021/10/18,2021/10/18,,
,Objd300,300,SQL_STORED_PROCEDURE,2022/2/1,2022/2/1,,
,Objd301,301,SQL_STORED_PROCEDURE,2019/5/17,2019/9/16,,
,Objd302,302,USER_TABLE,2021/11/5,2021/11/5,,
,Objd303,303,USER_TABLE,2019/6/6,2019/6/6,,
,Objd304,304,USER_TABLE,2017/8/30,2021/8/23,,
,Objd305,305,SQL_STORED_PROCEDURE,2019/7/22,2019/9/16,,
,Objd306,306,USER_TABLE,2021/11/25,2021/11/25,,
,Objd307,307,USER_TABLE,2019/6/4,2019/6/4,,
,Objd308,308,VIEW,2020/3/16,2020/3/16,,
,Objd309,309,SQL_STORED_PROCEDURE,2021/8/7,2021/8/7,,
,Objd310,310,USER_TABLE,2018/4/30,2018/4/30,,
,Objd311,311,USER_TABLE,2021/10/18,2021/10/18,,
,Objd312,312,VIEW,2021/1/13,2021/1/13,,
,Objd313,313,USER_TABLE,2019/5/17,2019/5/17,,
,Objd314,314,USER_TABLE,2021/11/5,2021/11/5,,
,Objd315,315,SQL_STORED_PROCEDURE,2019/7/22,2019/9/16,,
,Objd316,316,SQL_STORED_PROCEDURE,2015/11/3,2019/9/16,,
,Objd317,317,SQL_STORED_PROCEDURE,2017/11/28,2019/9/16,,
,Objd318,318,VIEW,2020/3/16,2020/3/16,,
,Objd319,319,USER_TABLE,2017/6/29,2019/6/6,,
,Objd320,320,USER_TABLE,2019/9/16,2019/9/16,,
,Objd321,321,USER_TABLE,2018/4/30,2018/4/30,,
,Objd322,322,USER_TABLE,2021/10/18,2021/10/18,,
,Objd323,323,SQL_STORED_PROCEDURE,2016/8/2,2019/9/16,,
,Objd324,324,VIEW,2017/9/15,2017/9/15,,
,Objd325,325,USER_TABLE,2019/5/17,2019/5/17,,
,Objd326,326,USER_TABLE,2016/2/29,2019/9/16,,
,Objd327,327,USER_TABLE,2021/11/5,2021/11/5,,
,Objd328,328,SQL_STORED_PROCEDURE,2019/7/22,2019/9/16,,
,Objd329,329,SQL_STORED_PROCEDURE,2015/11/3,2019/9/16,,
,Objd330,330,USER_TABLE,2021/11/25,2021/11/25,,
,Objd331,331,USER_TABLE,2017/6/29,2017/6/29,,
,Objd332,332,USER_TABLE,2014/12/31,2017/12/17,,
,Objd333,333,USER_TABLE,2019/9/16,2019/9/16,,
,Objd334,334,USER_TABLE,2021/10/18,2021/10/18,,
,Objd335,335,SQL_STORED_PROCEDURE,2016/8/2,2019/9/16,,
,Objd336,336,USER_TABLE,2016/2/29,2016/3/3,,
,Objd337,337,USER_TABLE,2021/11/5,2021/11/5,,
,Objd338,338,USER_TABLE,2019/6/6,2019/6/6,,
,Objd339,339,SQL_STORED_PROCEDURE,2019/7/22,2019/9/16,,
,Objd340,340,SQL_STORED_PROCEDURE,2015/11/3,2019/9/16,,
,Objd341,341,VIEW,2020/3/16,2020/3/16,,
,Objd342,342,USER_TABLE,2017/6/29,2017/6/29,,
,Objd343,343,USER_TABLE,2018/3/8,2018/3/8,,
,Objd344,344,USER_TABLE,2020/3/11,2020/3/11,,
,Objd345,345,USER_TABLE,2019/9/16,2019/9/16,,
,Objd346,346,USER_TABLE,2018/4/30,2018/4/30,,
,Objd347,347,USER_TABLE,2021/10/18,2021/10/18,,
,Objd348,348,SQL_STORED_PROCEDURE,2016/8/2,2019/9/16,,
,Objd349,349,SQL_STORED_PROCEDURE,2019/5/17,2019/9/16,,
,Objd350,350,USER_TABLE,2016/2/29,2016/3/3,,
,Objd351,351,USER_TABLE,2021/11/5,2021/11/5,,
,Objd352,352,USER_TABLE,2019/6/6,2019/6/6,,
,Objd353,353,SQL_STORED_PROCEDURE,2017/9/1,2017/9/1,,
,Objd354,354,SQL_STORED_PROCEDURE,2019/7/22,2019/9/16,,
,Objd355,355,SQL_STORED_PROCEDURE,2017/11/28,2019/9/16,,
,Objd356,356,USER_TABLE,2021/11/25,2021/11/25,,
,Objd357,357,VIEW,2020/3/16,2020/3/16,,
,Objd358,358,USER_TABLE,2017/6/29,2017/6/29,,
,Objd359,359,VIEW,2020/9/10,2020/9/10,,
,Objd360,360,USER_TABLE,2018/4/30,2018/4/30,,
,Objd361,361,USER_TABLE,2021/10/18,2021/10/18,,
,Objd362,362,SQL_STORED_PROCEDURE,2016/8/2,2019/9/16,,
,Objd363,363,VIEW,2021/1/13,2021/1/13,,
,Objd364,364,USER_TABLE,2019/5/17,2019/5/17,,
,Objd365,365,USER_TABLE,2021/11/5,2021/11/5,,
,Objd366,366,SQL_STORED_PROCEDURE,2019/7/22,2019/9/16,,
,Objd367,367,USER_TABLE,2015/11/4,2015/11/4,,
,Objd368,368,SQL_STORED_PROCEDURE,2017/11/28,2019/9/16,,
,Objd369,369,VIEW,2020/3/16,2020/3/16,,
,Objd370,370,USER_TABLE,2017/6/29,2017/6/29,,
,Objd371,371,USER_TABLE,2019/9/16,2019/9/16,,
,Objd372,372,USER_TABLE,2021/10/18,2021/10/18,,
,Objd373,373,SQL_STORED_PROCEDURE,2016/8/2,2019/9/16,,
,Objd374,374,VIEW,2021/1/13,2021/1/13,,
,Objd375,375,USER_TABLE,2016/2/29,2016/3/3,,
,Objd376,376,USER_TABLE,2021/11/5,2021/11/5,,
,Objd377,377,SQL_STORED_PROCEDURE,2019/7/22,2019/9/16,,
,Objd378,378,SQL_STORED_PROCEDURE,2021/11/16,2021/12/10,,
,Objd379,379,SQL_STORED_PROCEDURE,2017/11/28,2019/9/16,,
,Objd380,380,VIEW,2021/4/14,2021/4/14,,
,Objd381,381,USER_TABLE,2021/11/25,2021/11/25,,
,Objd382,382,VIEW,2020/3/16,2020/3/16,,
,Objd383,383,USER_TABLE,2017/6/29,2017/6/29,,
,Objd384,384,SQL_STORED_PROCEDURE,2018/4/30,2019/9/16,,
,Objd385,385,VIEW,2021/1/13,2021/1/13,,
,Objd386,386,USER_TABLE,2019/5/17,2019/5/17,,
,Objd387,387,USER_TABLE,2016/2/29,2016/2/29,,
,Objd388,388,USER_TABLE,2021/11/5,2021/11/5,,
,Objd389,389,USER_TABLE,2019/6/6,2019/6/6,,
,Objd390,390,USER_TABLE,2017/9/6,2017/9/6,,
,Objd391,391,SQL_STORED_PROCEDURE,2019/7/22,2019/9/16,,
,Objd392,392,SQL_STORED_PROCEDURE,2017/11/28,2019/9/16,,
,Objd393,393,VIEW,2020/3/16,2020/3/16,,
,Objd394,394,USER_TABLE,2017/6/29,2017/6/29,,
,Objd395,395,SQL_STORED_PROCEDURE,2018/4/30,2019/9/16,,
,Objd396,396,USER_TABLE,2021/10/18,2021/10/18,,
,Objd397,397,USER_TABLE,2021/11/5,2021/11/5,,
,Objd398,398,VIEW,2021/4/19,2021/4/19,,
,Objd399,399,USER_TABLE,2019/6/6,2019/6/6,,
,Objd400,400,USER_TABLE,2017/9/6,2017/9/6,,
,Objd401,401,SQL_STORED_PROCEDURE,2019/7/22,2019/9/16,,
,Objd402,402,SQL_STORED_PROCEDURE,2017/11/28,2019/9/16,,
,Objd403,403,USER_TABLE,2021/11/25,2021/11/25,,
,Objd404,404,USER_TABLE,2017/6/29,2017/6/29,,
,Objd405,405,SQL_STORED_PROCEDURE,2014/12/31,2019/9/16,,
,Objd406,406,VIEW,2019/9/16,2019/9/16,,
,Objd407,407,USER_TABLE,2021/10/18,2021/10/18,,
,Objd408,408,SQL_STORED_PROCEDURE,2016/8/2,2019/9/16,,
,Objd409,409,VIEW,2021/1/13,2021/1/13,,
,Objd410,410,SQL_STORED_PROCEDURE,2016/2/29,2019/9/16,,
,Objd411,411,USER_TABLE,2021/11/5,2021/11/5,,
,Objd412,412,SQL_STORED_PROCEDURE,2019/7/22,2019/9/16,,
,Objd413,413,USER_TABLE,2015/11/4,2015/11/4,,
,Objd414,414,VIEW,2021/4/14,2021/4/14,,
,Objd415,415,USER_TABLE,2017/6/29,2017/6/29,,
,Objd416,416,VIEW,2019/9/16,2019/9/16,,
,Objd417,417,SQL_STORED_PROCEDURE,2018/4/30,2018/4/30,,
,Objd418,418,USER_TABLE,2021/10/18,2021/10/18,,
,Objd419,419,SQL_STORED_PROCEDURE,2016/8/2,2019/9/16,,
,Objd420,420,VIEW,2021/1/13,2021/1/13,,
,Objd421,421,SQL_STORED_PROCEDURE,2019/5/17,2019/9/16,,
,Objd422,422,USER_TABLE,2021/11/5,2021/11/5,,
,Objd423,423,SQL_STORED_PROCEDURE,2019/7/22,2019/9/16,,
,Objd424,424,USER_TABLE,2015/11/4,2015/11/4,,
,Objd425,425,SQL_STORED_PROCEDURE,2021/11/25,2021/11/25,,
,Objd426,426,USER_TABLE,2017/6/29,2017/6/29,,
,Objd427,427,SQL_STORED_PROCEDURE,2014/12/31,2019/9/16,,
,Objd428,428,VIEW,2019/9/16,2019/9/16,,
,Objd429,429,SQL_STORED_PROCEDURE,2018/4/30,2018/4/30,,
,Objd430,430,USER_TABLE,2021/10/18,2021/10/18,,
,Objd431,431,SQL_STORED_PROCEDURE,2016/8/2,2019/9/16,,
,Objd432,432,SQL_STORED_PROCEDURE,2021/1/13,2021/1/13,,
,Objd433,433,USER_TABLE,2019/5/17,2019/5/17,,
,Objd434,434,USER_TABLE,2021/11/5,2021/11/5,,
,Objd435,435,USER_TABLE,2019/6/6,2019/6/6,,
,Objd436,436,SQL_STORED_PROCEDURE,2017/9/6,2019/9/16,,
,Objd437,437,SQL_STORED_PROCEDURE,2019/7/22,2019/9/16,,
,Objd438,438,SQL_STORED_PROCEDURE,2021/11/25,2021/11/25,,
,Objd439,439,SQL_STORED_PROCEDURE,2014/12/31,2019/9/16,,
,Objd440,440,VIEW,2019/9/16,2019/9/16,,
,Objd441,441,USER_TABLE,2021/10/18,2021/10/18,,
,Objd442,442,SQL_STORED_PROCEDURE,2016/8/2,2019/9/16,,
,Objd443,443,SQL_STORED_PROCEDURE,2021/1/13,2021/1/13,,
,Objd444,444,USER_TABLE,2019/5/17,2019/5/17,,
,Objd445,445,USER_TABLE,2021/11/5,2021/11/5,,
,Objd446,446,USER_TABLE,2019/6/6,2019/6/6,,
,Objd447,447,SQL_STORED_PROCEDURE,2017/9/6,2019/9/16,,
,Objd448,448,SQL_STORED_PROCEDURE,2019/7/22,2019/9/16,,
,Objd449,449,SQL_STORED_PROCEDURE,2017/11/28,2019/9/16,,
,Objd450,450,SQL_STORED_PROCEDURE,2021/11/25,2021/11/25,,
,Objd451,451,VIEW,2019/9/16,2019/9/16,,
,Objd452,452,VIEW,2018/4/30,2018/4/30,,
,Objd453,453,USER_TABLE,2021/10/18,2021/10/18,,
,Objd454,454,USER_TABLE,2021/11/5,2021/11/5,,
,Objd455,455,SQL_STORED_PROCEDURE,2019/7/22,2019/9/16,,
,Objd456,456,SQL_STORED_PROCEDURE,2021/11/25,2021/11/25,,
,Objd457,457,SQL_STORED_PROCEDURE,2018/6/5,2019/9/16,,
,Objd458,458,USER_TABLE,2017/1/5,2017/12/17,,
,Objd459,459,SQL_STORED_PROCEDURE,2021/2/25,2021/2/25,,
,Objd460,460,VIEW,2019/9/16,2019/9/16,,
,Objd461,461,USER_TABLE,2021/10/18,2021/10/18,,
,Objd462,462,SQL_STORED_PROCEDURE,2019/5/17,2019/9/16,,
,Objd463,463,USER_TABLE,2021/11/5,2021/11/5,,
,Objd464,464,SQL_STORED_PROCEDURE,2019/7/22,2019/9/16,,
,Objd465,465,USER_TABLE,2020/3/16,2020/3/16,,
,Objd466,466,VIEW,2021/2/25,2021/2/25,,
,Objd467,467,VIEW,2019/9/16,2019/9/16,,
,Objd468,468,USER_TABLE,2021/10/18,2021/10/18,,
,Objd469,469,SQL_STORED_PROCEDURE,2016/8/2,2019/9/16,,
,Objd470,470,USER_TABLE,2019/5/17,2019/5/17,,
,Objd471,471,USER_TABLE,2021/11/5,2021/11/5,,
,Objd472,472,USER_TABLE,2019/6/6,2019/6/6,,
,Objd473,473,SQL_STORED_PROCEDURE,2019/7/22,2019/9/16,,
,Objd474,474,USER_TABLE,2021/11/25,2021/11/25,,
,Objd475,475,SQL_STORED_PROCEDURE,2014/12/31,2019/9/16,,
,Objd476,476,USER_TABLE,2020/3/16,2020/3/16,,
,Objd477,477,VIEW,2021/10/18,2021/10/18,,
,Objd478,478,VIEW,2021/2/25,2021/2/25,,
,Objd479,479,SQL_STORED_PROCEDURE,2021/11/22,2021/12/1,,
,Objd480,480,USER_TABLE,2021/10/18,2021/10/18,,
,Objd481,481,USER_TABLE,2019/5/17,2019/5/17,,
,Objd482,482,USER_TABLE,2021/11/5,2021/11/5,,
,Objd483,483,USER_TABLE,2019/6/6,2019/6/6,,
,Objd484,484,SQL_STORED_PROCEDURE,2019/7/22,2019/9/16,,
,Objd485,485,USER_TABLE,2015/11/5,2015/11/5,,
,Objd486,486,USER_TABLE,2019/6/5,2019/6/5,,
,Objd487,487,VIEW,2022/2/22,2022/2/22,,
,Objd488,488,SQL_STORED_PROCEDURE,2021/12/7,2021/12/7,,
,Objd489,489,SQL_STORED_PROCEDURE,2014/12/31,2019/9/16,,
,Objd490,490,USER_TABLE,2020/3/16,2020/3/16,,
,Objd491,491,VIEW,2021/2/25,2021/2/25,,
,Objd492,492,USER_TABLE,2021/10/18,2021/10/18,,
,Objd493,493,SQL_STORED_PROCEDURE,2016/8/2,2019/9/16,,
,Objd494,494,USER_TABLE,2021/1/15,2021/1/15,,
,Objd495,495,USER_TABLE,2021/11/5,2021/11/5,,
,Objd496,496,SQL_STORED_PROCEDURE,2019/7/22,2019/9/16,,
,Objd497,497,SQL_STORED_PROCEDURE,2017/11/28,2019/9/16,,
,Objd498,498,USER_TABLE,2017/6/29,2017/12/17,,
,Objd499,499,USER_TABLE,2020/3/16,2020/3/16,,
,Objd500,500,SQL_STORED_PROCEDURE,2017/1/6,2019/9/16,,
,Objd501,501,VIEW,2021/2/25,2021/2/25,,
,Objd502,502,USER_TABLE,2014/5/23,2017/12/17,,
,Objd503,503,USER_TABLE,2021/10/18,2021/10/18,,
,Objd504,504,SQL_STORED_PROCEDURE,2019/5/17,2019/9/16,,
,Objd505,505,USER_TABLE,2021/11/5,2021/11/5,,
,Objd506,506,USER_TABLE,2017/9/6,2017/12/17,,
,Objd507,507,SQL_STORED_PROCEDURE,2019/7/22,2019/9/16,,
,Objd508,508,SQL_STORED_PROCEDURE,2015/11/5,2015/11/5,,
,Objd509,509,SQL_STORED_PROCEDURE,2014/12/31,2019/9/16,,
,Objd510,510,USER_TABLE,2020/3/16,2020/3/16,,
,Objd511,511,VIEW,2021/2/25,2021/2/25,,
,Objd512,512,USER_TABLE,2021/10/18,2021/10/18,,
,Objd513,513,VIEW,2021/1/15,2021/1/15,,
,Objd514,514,VIEW,2019/8/7,2019/8/9,,
,Objd515,515,USER_TABLE,2016/2/29,2019/5/17,,
,Objd516,516,USER_TABLE,2021/11/5,2021/11/5,,
,Objd517,517,SQL_STORED_PROCEDURE,2019/6/6,2019/9/16,,
,Objd518,518,SQL_STORED_PROCEDURE,2019/7/22,2019/9/16,,
,Objd519,519,SQL_STORED_PROCEDURE,2015/11/5,2019/9/16,,
,Objd520,520,USER_TABLE,2020/3/16,2020/3/16,,
,Objd521,521,VIEW,2021/10/18,2021/10/18,,
,Objd522,522,USER_TABLE,2021/10/18,2021/10/18,,
,Objd523,523,VIEW,2021/1/15,2021/1/15,,
,Objd524,524,SQL_STORED_PROCEDURE,2021/11/2,2021/11/2,,
,Objd525,525,USER_TABLE,2016/2/29,2016/2/29,,
,Objd526,526,USER_TABLE,2021/11/5,2021/11/5,,
,Objd527,527,USER_TABLE,2019/6/6,2019/6/6,,
,Objd528,528,SQL_STORED_PROCEDURE,2019/7/22,2019/9/16,,
,Objd529,529,USER_TABLE,2015/11/9,2015/11/9,,
,Objd530,530,SQL_STORED_PROCEDURE,2020/3/16,2020/3/16,,
,Objd531,531,USER_TABLE,2020/3/16,2020/3/16,,
,Objd532,532,VIEW,2021/10/18,2021/10/18,,
,Objd533,533,USER_TABLE,2021/10/18,2021/10/18,,
,Objd534,534,USER_TABLE,2016/2/29,2016/2/29,,
,Objd535,535,USER_TABLE,2021/11/5,2021/11/5,,
,Objd536,536,USER_TABLE,2019/6/6,2019/6/6,,
,Objd537,537,SQL_STORED_PROCEDURE,2019/7/22,2019/9/16,,
,Objd538,538,USER_TABLE,2015/11/9,2015/11/9,,
,Objd539,539,SQL_STORED_PROCEDURE,2017/11/28,2019/9/16,,
,Objd540,540,SQL_STORED_PROCEDURE,2020/3/16,2020/3/16,,
,Objd541,541,USER_TABLE,2020/3/16,2020/3/16,,
,Objd542,542,VIEW,2021/10/18,2021/11/1,,
,Objd543,543,VIEW,2017/1/18,2017/1/18,,
,Objd544,544,USER_TABLE,2021/10/18,2021/10/18,,
,Objd545,545,VIEW,2020/6/3,2020/6/3,,
,Objd546,546,USER_TABLE,2016/2/29,2016/2/29,,
,Objd547,547,USER_TABLE,2021/11/5,2021/11/5,,
,Objd548,548,SQL_STORED_PROCEDURE,2019/7/22,2019/9/16,,
,Objd549,549,SQL_STORED_PROCEDURE,2015/11/9,2019/9/16,,
,Objd550,550,SQL_STORED_PROCEDURE,2017/11/28,2019/9/16,,
,Objd551,551,VIEW,2020/9/18,2020/9/18,,
,Objd552,552,USER_TABLE,2020/3/16,2020/3/16,,
,Objd553,553,VIEW,2021/10/18,2021/10/18,,
,Objd554,554,USER_TABLE,2017/2/24,2017/2/24,,
,Objd555,555,VIEW,2021/2/26,2021/2/26,,
,Objd556,556,SQL_STORED_PROCEDURE,2021/12/30,2021/12/30,,
,Objd557,557,USER_TABLE,2021/10/18,2021/10/18,,
,Objd558,558,VIEW,2021/11/2,2021/11/2,,
,Objd559,559,USER_TABLE,2016/2/29,2016/2/29,,
,Objd560,560,USER_TABLE,2021/11/5,2021/11/5,,
,Objd561,561,USER_TABLE,2019/6/6,2019/6/6,,
,Objd562,562,SQL_STORED_PROCEDURE,2019/7/22,2019/9/16,,
,Objd563,563,USER_TABLE,2015/11/10,2017/12/17,,
,Objd564,564,SQL_STORED_PROCEDURE,2017/11/28,2019/9/16,,
,Objd565,565,VIEW,2021/10/18,2021/11/5,,
,Objd566,566,USER_TABLE,2021/10/18,2021/10/18,,
,Objd567,567,VIEW,2021/11/2,2021/11/2,,
,Objd568,568,USER_TABLE,2016/2/29,2016/2/29,,
,Objd569,569,USER_TABLE,2021/11/5,2021/11/5,,
,Objd570,570,USER_TABLE,2019/6/6,2019/6/6,,
,Objd571,571,SQL_STORED_PROCEDURE,2019/7/22,2019/9/16,,
,Objd572,572,SQL_STORED_PROCEDURE,2015/11/10,2019/9/16,,
,Objd573,573,USER_TABLE,2020/3/16,2020/3/16,,
,Objd574,574,VIEW,2021/10/18,2021/10/18,,
,Objd575,575,USER_TABLE,2021/10/18,2021/10/18,,
,Objd576,576,VIEW,2021/11/2,2021/11/2,,
,Objd577,577,USER_TABLE,2016/2/29,2016/2/29,,
,Objd578,578,USER_TABLE,2021/11/5,2021/11/5,,
,Objd579,579,SQL_STORED_PROCEDURE,2019/7/22,2019/9/16,,
,Objd580,580,USER_TABLE,2020/3/16,2020/3/16,,
,Objd581,581,VIEW,2021/10/18,2021/10/18,,
,Objd582,582,USER_TABLE,2021/10/18,2021/10/18,,
,Objd583,583,VIEW,2021/11/2,2021/11/2,,
,Objd584,584,SQL_STORED_PROCEDURE,2022/2/28,2022/2/28,,
,Objd585,585,USER_TABLE,2016/2/29,2016/2/29,,
,Objd586,586,USER_TABLE,2021/11/5,2021/11/5,,
,Objd587,587,SQL_STORED_PROCEDURE,2021/10/28,2021/11/24,,
,Objd588,588,SQL_STORED_PROCEDURE,2019/7/22,2019/9/16,,
,Objd589,589,SQL_STORED_PROCEDURE,2022/3/23,2022/3/28,,
,Objd590,590,USER_TABLE,2020/3/16,2020/3/16,,
,Objd591,591,VIEW,2021/10/18,2021/10/18,,
,Objd592,592,VIEW,2021/2/27,2021/2/27,,
,Objd593,593,USER_TABLE,2021/10/18,2021/10/18,,
,Objd594,594,USER_TABLE,2016/8/24,2016/8/24,,
,Objd595,595,VIEW,2021/1/18,2021/1/18,,
,Objd596,596,VIEW,2020/6/5,2020/6/5,,
,Objd597,597,VIEW,2021/11/2,2021/11/2,,
,Objd598,598,USER_TABLE,2019/5/17,2019/5/17,,
,Objd599,599,USER_TABLE,2016/2/29,2017/2/24,,
,Objd600,600,USER_TABLE,2021/11/5,2021/11/5,,
,Objd601,601,USER_TABLE,2019/6/6,2019/6/6,,
,Objd602,602,USER_TABLE,2017/9/6,2017/12/17,,
,Objd603,603,SQL_STORED_PROCEDURE,2019/7/22,2019/9/16,,
,Objd604,604,VIEW,2015/11/10,2015/11/10,,
,Objd605,605,VIEW,2022/2/22,2022/2/22,,
,Objd606,606,USER_TABLE,2020/3/16,2020/3/16,,
,Objd607,607,SQL_STORED_PROCEDURE,2021/10/18,2021/10/18,,
,Objd608,608,USER_TABLE,2017/3/1,2017/3/1,,
,Objd609,609,VIEW,2018/2/22,2018/2/22,,
,Objd610,610,USER_TABLE,2021/10/18,2021/10/18,,
,Objd611,611,VIEW,2021/11/2,2021/11/2,,
,Objd612,612,USER_TABLE,2019/5/17,2019/5/17,,
,Objd613,613,USER_TABLE,2021/11/5,2021/11/5,,
,Objd614,614,USER_TABLE,2019/6/6,2019/6/6,,
,Objd615,615,SQL_STORED_PROCEDURE,2019/7/22,2019/9/16,,
,Objd616,616,USER_TABLE,2019/11/12,2019/11/12,,
,Objd617,617,USER_TABLE,2020/3/16,2020/3/16,,
,Objd618,618,SQL_STORED_PROCEDURE,2021/10/18,2021/10/18,,
,Objd619,619,USER_TABLE,2017/3/1,2017/3/1,,
,Objd620,620,USER_TABLE,2021/10/18,2021/10/18,,
,Objd621,621,VIEW,2021/11/2,2021/11/2,,
,Objd622,622,USER_TABLE,2022/3/29,2022/3/29,,
,Objd623,623,USER_TABLE,2016/3/1,2016/3/1,,
,Objd624,624,USER_TABLE,2021/11/5,2021/11/5,,
,Objd625,625,SQL_STORED_PROCEDURE,2021/10/28,2021/11/24,,
,Objd626,626,USER_TABLE,2019/11/12,2019/11/12,,
,Objd627,627,VIEW,2022/3/23,2022/3/23,,
,Objd628,628,VIEW,2015/1/5,2015/1/5,,
,Objd629,629,USER_TABLE,2020/3/16,2020/3/16,,
,Objd630,630,SQL_STORED_PROCEDURE,2021/10/18,2021/10/18,,
,Objd631,631,USER_TABLE,2017/3/1,2017/3/1,,
,Objd632,632,USER_TABLE,2020/1/28,2020/1/28,,
,Objd633,633,USER_TABLE,2021/10/18,2021/10/18,,
,Objd634,634,SQL_STORED_PROCEDURE,2016/8/25,2019/9/16,,
,Objd635,635,VIEW,2021/11/2,2021/11/2,,
,Objd636,636,SQL_STORED_PROCEDURE,2019/5/17,2019/9/16,,
,Objd637,637,USER_TABLE,2016/3/1,2016/3/1,,
,Objd638,638,USER_TABLE,2021/11/5,2021/11/5,,
,Objd639,639,USER_TABLE,2019/11/12,2019/11/12,,
,Objd640,640,USER_TABLE,2019/5/16,2021/8/5,,
,Objd641,641,USER_TABLE,2020/3/16,2020/3/16,,
,Objd642,642,SQL_STORED_PROCEDURE,2021/10/18,2021/10/18,,
,Objd643,643,USER_TABLE,2017/3/1,2017/3/1,,
,Objd644,644,SQL_STORED_PROCEDURE,2019/9/16,2019/9/16,,
,Objd645,645,USER_TABLE,2021/10/18,2021/10/18,,
,Objd646,646,USER_TABLE,2016/8/25,2016/8/25,,
,Objd647,647,VIEW,2021/11/2,2021/11/2,,
,Objd648,648,USER_TABLE,2019/5/17,2019/5/17,,
,Objd649,649,USER_TABLE,2021/11/5,2021/11/5,,
,Objd650,650,USER_TABLE,2019/6/6,2019/6/6,,
,Objd651,651,USER_TABLE,2019/11/12,2019/11/12,,
,Objd652,652,USER_TABLE,2015/11/10,2015/11/10,,
,Objd653,653,USER_TABLE,2019/6/28,2019/6/28,,
,Objd654,654,USER_TABLE,2019/7/9,2019/7/9,,
,Objd655,655,USER_TABLE,2015/1/5,2017/12/17,,
,Objd656,656,SQL_STORED_PROCEDURE,2021/10/18,2021/10/18,,
,Objd657,657,SQL_STORED_PROCEDURE,2019/9/16,2019/9/16,,
,Objd658,658,USER_TABLE,2021/10/18,2021/10/18,,
,Objd659,659,USER_TABLE,2016/8/25,2016/8/25,,
,Objd660,660,VIEW,2021/11/2,2021/11/2,,
,Objd661,661,VIEW,2019/8/9,2019/8/9,,
,Objd662,662,USER_TABLE,2019/5/17,2019/5/17,,
,Objd663,663,USER_TABLE,2016/3/1,2016/3/1,,
,Objd664,664,USER_TABLE,2021/11/5,2021/11/5,,
,Objd665,665,USER_TABLE,2019/6/6,2019/6/6,,
,Objd666,666,USER_TABLE,2019/6/6,2019/6/6,,
,Objd667,667,USER_TABLE,2019/5/16,2019/5/16,,
,Objd668,668,USER_TABLE,2020/3/16,2020/3/16,,
,Objd669,669,SQL_STORED_PROCEDURE,2021/10/18,2021/10/18,,
,Objd670,670,SQL_STORED_PROCEDURE,2019/9/16,2019/9/16,,
,Objd671,671,USER_TABLE,2021/10/18,2021/10/18,,
,Objd672,672,USER_TABLE,2016/8/25,2017/12/17,,
,Objd673,673,VIEW,2021/1/20,2021/1/20,,
,Objd674,674,VIEW,2021/11/2,2021/11/2,,
,Objd675,675,USER_TABLE,2016/3/1,2016/3/1,,
,Objd676,676,USER_TABLE,2021/11/5,2021/11/5,,
,Objd677,677,USER_TABLE,2019/6/6,2019/6/6,,
,Objd678,678,USER_TABLE,2018/8/27,2018/8/27,,
,Objd679,679,VIEW,2019/8/19,2019/8/19,,
,Objd680,680,SQL_STORED_PROCEDURE,2021/10/18,2021/10/18,,
,Objd681,681,USER_TABLE,2017/3/2,2017/3/2,,
,Objd682,682,SQL_STORED_PROCEDURE,2019/9/16,2019/9/16,,
,Objd683,683,USER_TABLE,2021/10/18,2021/10/18,,
,Objd684,684,VIEW,2021/1/20,2021/1/20,,
,Objd685,685,VIEW,2021/11/2,2021/11/2,,
,Objd686,686,SQL_STORED_PROCEDURE,2022/3/29,2022/4/8,,
,Objd687,687,SQL_STORED_PROCEDURE,2019/5/17,2019/9/16,,
,Objd688,688,USER_TABLE,2016/3/1,2019/3/20,,
,Objd689,689,USER_TABLE,2021/11/5,2021/11/5,,
,Objd690,690,USER_TABLE,2019/6/6,2021/12/12,,
,Objd691,691,USER_TABLE,2019/5/16,2019/5/16,,
,Objd692,692,USER_TABLE,2018/8/27,2018/8/27,,
,Objd693,693,VIEW,2019/8/19,2019/8/19,,
,Objd694,694,USER_TABLE,2020/3/16,2020/3/16,,
,Objd695,695,SQL_STORED_PROCEDURE,2021/10/18,2021/10/18,,
,Objd696,696,USER_TABLE,2017/3/2,2017/3/2,,
,Objd697,697,SQL_STORED_PROCEDURE,2019/9/16,2019/9/16,,
,Objd698,698,USER_TABLE,2014/12/22,2021/12/12,,
,Objd699,699,SQL_STORED_PROCEDURE,2018/5/3,2019/9/16,,
,Objd700,700,USER_TABLE,2020/1/28,2021/9/28,,
,Objd701,701,USER_TABLE,2021/10/18,2021/10/18,,
,Objd702,702,VIEW,2021/11/2,2021/11/2,,
,Objd703,703,USER_TABLE,2019/5/17,2019/5/17,,
,Objd704,704,USER_TABLE,2016/3/1,2016/3/1,,
,Objd705,705,USER_TABLE,2021/11/5,2021/11/5,,
,Objd706,706,USER_TABLE,2019/6/6,2021/12/12,,
,Objd707,707,USER_TABLE,2018/6/8,2018/6/8,,
,Objd708,708,VIEW,2021/9/28,2021/11/2,,
,Objd709,709,VIEW,2015/1/5,2015/1/5,,
,Objd710,710,VIEW,2019/8/19,2019/8/19,,
,Objd711,711,SQL_STORED_PROCEDURE,2021/10/18,2021/10/18,,
,Objd712,712,USER_TABLE,2017/3/2,2017/3/2,,
,Objd713,713,SQL_STORED_PROCEDURE,2019/9/16,2021/11/25,,
,Objd714,714,USER_TABLE,2021/10/18,2021/10/18,,
,Objd715,715,USER_TABLE,2016/8/25,2020/12/15,,
,Objd716,716,VIEW,2021/11/2,2021/11/2,,
,Objd717,717,USER_TABLE,2022/3/29,2022/3/29,,
,Objd718,718,USER_TABLE,2019/5/17,2019/5/17,,
,Objd719,719,USER_TABLE,2016/3/1,2016/3/1,,
,Objd720,720,USER_TABLE,2021/11/5,2021/11/5,,
,Objd721,721,SQL_STORED_PROCEDURE,2019/6/6,2019/9/16,,
,Objd722,722,USER_TABLE,2019/5/16,2019/5/16,,
,Objd723,723,SQL_STORED_PROCEDURE,2018/8/27,2019/9/16,,
,Objd724,724,VIEW,2019/8/19,2019/8/19,,
,Objd725,725,USER_TABLE,2020/3/16,2020/3/16,,
,Objd726,726,SQL_STORED_PROCEDURE,2021/10/18,2021/10/18,,
,Objd727,727,USER_TABLE,2017/3/2,2017/3/2,,
,Objd728,728,SQL_STORED_PROCEDURE,2019/9/16,2019/9/16,,
,Objd729,729,USER_TABLE,2021/10/18,2021/10/18,,
,Objd730,730,VIEW,2021/11/2,2021/11/2,,
,Objd731,731,SQL_STORED_PROCEDURE,2022/3/29,2022/4/8,,
,Objd732,732,USER_TABLE,2021/11/5,2021/11/5,,
,Objd733,733,VIEW,2019/7/23,2019/7/23,,
,Objd734,734,USER_TABLE,2022/4/8,2022/4/8,,
,Objd735,735,SQL_STORED_PROCEDURE,2019/6/6,2019/9/16,,
,Objd736,736,VIEW,2019/8/19,2019/8/19,,
,Objd737,737,SQL_STORED_PROCEDURE,2021/10/18,2021/10/18,,
,Objd738,738,SQL_STORED_PROCEDURE,2017/3/2,2019/9/16,,
,Objd739,739,VIEW,2020/1/28,2020/1/28,,
,Objd740,740,USER_TABLE,2021/10/18,2021/10/18,,
,Objd741,741,VIEW,2021/11/2,2021/11/2,,
,Objd742,742,SQL_STORED_PROCEDURE,2019/5/17,2019/9/16,,
,Objd743,743,USER_TABLE,2016/3/1,2016/3/1,,
,Objd744,744,USER_TABLE,2021/11/5,2021/11/5,,
,Objd745,745,USER_TABLE,2019/6/6,2019/6/6,,
,Objd746,746,USER_TABLE,2019/11/13,2019/11/13,,
,Objd747,747,VIEW,2021/4/15,2021/4/15,,
,Objd748,748,USER_TABLE,2022/4/8,2022/4/8,,
,Objd749,749,SQL_STORED_PROCEDURE,2019/6/6,2019/9/16,,
,Objd750,750,USER_TABLE,2019/5/16,2019/5/16,,
,Objd751,751,VIEW,2019/8/19,2019/8/19,,
,Objd752,752,USER_TABLE,2020/3/16,2020/3/16,,
,Objd753,753,SQL_STORED_PROCEDURE,2021/10/18,2021/10/18,,
,Objd754,754,SQL_STORED_PROCEDURE,2017/3/2,2019/9/16,,
,Objd755,755,VIEW,2017/10/18,2017/10/18,,
,Objd756,756,USER_TABLE,2021/10/18,2021/10/18,,
,Objd757,757,VIEW,2021/11/2,2021/11/2,,
,Objd758,758,USER_TABLE,2022/3/29,2022/3/29,,
,Objd759,759,USER_TABLE,2019/5/17,2019/5/17,,
,Objd760,760,USER_TABLE,2016/3/1,2019/5/17,,
,Objd761,761,USER_TABLE,2021/11/5,2021/11/5,,
,Objd762,762,USER_TABLE,2019/6/6,2019/6/6,,
,Objd763,763,SQL_STORED_PROCEDURE,2019/11/13,2019/11/13,,
,Objd764,764,USER_TABLE,2015/11/13,2015/11/13,,
,Objd765,765,USER_TABLE,2022/4/8,2022/4/8,,
,Objd766,766,USER_TABLE,2019/6/6,2019/6/6,,
,Objd767,767,VIEW,2019/8/19,2019/8/19,,
,Objd768,768,SQL_STORED_PROCEDURE,2021/10/18,2021/10/18,,
,Objd769,769,SQL_STORED_PROCEDURE,2017/3/2,2019/9/16,,
,Objd770,770,VIEW,2019/9/16,2019/9/16,,
,Objd771,771,USER_TABLE,2021/10/18,2021/10/18,,
,Objd772,772,VIEW,2021/11/2,2021/11/2,,
,Objd773,773,SQL_STORED_PROCEDURE,2022/3/29,2022/4/8,,
,Objd774,774,USER_TABLE,2019/5/17,2019/5/17,,
,Objd775,775,USER_TABLE,2021/11/5,2021/11/5,,
,Objd776,776,USER_TABLE,2021/10/28,2021/10/28,,
,Objd777,777,USER_TABLE,2015/11/13,2015/11/13,,
,Objd778,778,VIEW,2018/9/14,2018/9/14,,
,Objd779,779,USER_TABLE,2019/6/6,2019/6/6,,
,Objd780,780,USER_TABLE,2019/5/16,2019/5/16,,
,Objd781,781,VIEW,2019/8/19,2019/8/19,,
,Objd782,782,USER_TABLE,2020/3/16,2020/3/16,,
,Objd783,783,SQL_STORED_PROCEDURE,2021/10/18,2021/10/18,,
,Objd784,784,SQL_STORED_PROCEDURE,2017/3/2,2019/9/16,,
,Objd785,785,VIEW,2022/2/4,2022/2/4,,
,Objd786,786,USER_TABLE,2021/10/18,2021/10/18,,
,Objd787,787,SQL_STORED_PROCEDURE,2016/8/25,2019/9/16,,
,Objd788,788,VIEW,2021/11/2,2021/11/2,,
,Objd789,789,USER_TABLE,2021/11/5,2021/11/5,,
,Objd790,790,USER_TABLE,2019/6/6,2019/6/6,,
,Objd791,791,USER_TABLE,2017/9/6,2017/12/17,,
,Objd792,792,USER_TABLE,2015/11/16,2015/11/16,,
,Objd793,793,VIEW,2019/8/19,2019/8/19,,
,Objd794,794,SQL_STORED_PROCEDURE,2021/10/18,2021/10/18,,
,Objd795,795,USER_TABLE,2021/10/18,2021/10/18,,
,Objd796,796,SQL_STORED_PROCEDURE,2016/8/25,2019/9/16,,
,Objd797,797,VIEW,2021/11/2,2021/11/2,,
,Objd798,798,SQL_STORED_PROCEDURE,2019/5/17,2019/9/16,,
,Objd799,799,USER_TABLE,2016/3/1,2020/2/11,,
,Objd800,800,USER_TABLE,2021/11/5,2021/11/5,,
,Objd801,801,USER_TABLE,2019/6/6,2019/6/6,,
,Objd802,802,USER_TABLE,2019/11/14,2019/11/14,,
,Objd803,803,USER_TABLE,2015/11/16,2015/11/16,,
,Objd804,804,USER_TABLE,2019/5/16,2020/12/15,,
,Objd805,805,USER_TABLE,2015/4/2,2017/12/17,,
,Objd806,806,VIEW,2019/8/19,2019/8/19,,
,Objd807,807,USER_TABLE,2020/3/16,2020/3/16,,
,Objd808,808,SQL_STORED_PROCEDURE,2021/10/18,2021/10/18,,
,Objd809,809,SQL_STORED_PROCEDURE,2017/3/3,2017/3/3,,
,Objd810,810,USER_TABLE,2021/10/18,2021/10/18,,
,Objd811,811,VIEW,2021/11/2,2021/11/2,,
,Objd812,812,USER_TABLE,2019/5/17,2019/5/17,,
,Objd813,813,USER_TABLE,2016/3/1,2016/3/1,,
,Objd814,814,USER_TABLE,2021/11/5,2021/11/5,,
,Objd815,815,VIEW,2015/11/16,2015/11/16,,
,Objd816,816,USER_TABLE,2021/11/26,2021/11/26,,
,Objd817,817,USER_TABLE,2019/6/6,2019/6/6,,
,Objd818,818,VIEW,2019/8/19,2019/8/19,,
,Objd819,819,SQL_STORED_PROCEDURE,2021/10/18,2021/10/18,,
,Objd820,820,USER_TABLE,2021/10/18,2021/10/18,,
,Objd821,821,USER_TABLE,2016/8/25,2017/12/17,,
,Objd822,822,VIEW,2021/11/2,2021/11/2,,
,Objd823,823,USER_TABLE,2019/5/17,2019/5/17,,
,Objd824,824,USER_TABLE,2016/3/1,2016/3/1,,
,Objd825,825,USER_TABLE,2021/11/5,2021/11/5,,
,Objd826,826,VIEW,2020/11/4,2020/11/4,,
,Objd827,827,USER_TABLE,2019/6/6,2019/6/6,,
,Objd828,828,USER_TABLE,2019/5/16,2019/5/16,,
,Objd829,829,VIEW,2019/8/19,2019/8/19,,
,Objd830,830,USER_TABLE,2020/3/16,2020/3/16,,
,Objd831,831,SQL_STORED_PROCEDURE,2021/10/18,2021/10/18,,
,Objd832,832,SQL_STORED_PROCEDURE,2017/3/3,2017/3/3,,
,Objd833,833,USER_TABLE,2021/10/18,2021/10/18,,
,Objd834,834,USER_TABLE,2022/2/2,2022/2/2,,
,Objd835,835,VIEW,2021/11/2,2021/11/2,,
,Objd836,836,USER_TABLE,2016/3/1,2016/3/1,,
,Objd837,837,USER_TABLE,2021/11/5,2021/11/5,,
,Objd838,838,USER_TABLE,2019/6/6,2019/6/6,,
,Objd839,839,VIEW,2020/11/4,2020/11/4,,
,Objd840,840,USER_TABLE,2019/6/13,2019/6/13,,
,Objd841,841,VIEW,2019/8/19,2019/8/19,,
,Objd842,842,SQL_STORED_PROCEDURE,2021/10/18,2021/10/18,,
,Objd843,843,USER_TABLE,2017/3/7,2017/3/7,,
,Objd844,844,USER_TABLE,2021/10/18,2021/10/18,,
,Objd845,845,SQL_STORED_PROCEDURE,2021/12/1,2021/12/1,,
,Objd846,846,VIEW,2021/11/2,2021/11/2,,
,Objd847,847,SQL_STORED_PROCEDURE,2019/5/17,2019/9/16,,
,Objd848,848,USER_TABLE,2021/11/5,2021/11/5,,
,Objd849,849,USER_TABLE,2019/6/6,2019/6/6,,
,Objd850,850,USER_TABLE,2021/11/26,2021/11/26,,
,Objd851,851,USER_TABLE,2022/4/8,2022/4/8,,
,Objd852,852,USER_TABLE,2019/5/16,2019/5/16,,
,Objd853,853,USER_TABLE,2015/5/7,2015/5/7,,
,Objd854,854,USER_TABLE,2019/6/13,2019/6/13,,
,Objd855,855,VIEW,2019/8/19,2019/8/19,,
,Objd856,856,USER_TABLE,2020/3/16,2020/3/16,,
,Objd857,857,SQL_STORED_PROCEDURE,2021/10/18,2021/10/18,,
,Objd858,858,USER_TABLE,2017/3/7,2017/12/17,,
,Objd859,859,USER_TABLE,2021/10/18,2021/10/18,,
,Objd860,860,VIEW,2021/11/2,2021/11/2,,
,Objd861,861,VIEW,2021/4/1,2021/4/1,,
,Objd862,862,USER_TABLE,2019/5/17,2019/5/17,,
,Objd863,863,USER_TABLE,2016/3/1,2016/3/1,,
,Objd864,864,USER_TABLE,2021/11/5,2021/11/5,,
,Objd865,865,USER_TABLE,2017/9/6,2017/12/17,,
,Objd866,866,USER_TABLE,2022/4/8,2022/4/8,,
,Objd867,867,USER_TABLE,2019/6/6,2019/6/6,,
,Objd868,868,SQL_STORED_PROCEDURE,2019/6/13,2019/6/13,,
,Objd869,869,VIEW,2019/8/19,2019/8/19,,
,Objd870,870,SQL_STORED_PROCEDURE,2021/10/18,2021/10/18,,
,Objd871,871,SQL_STORED_PROCEDURE,2021/3/5,2021/3/5,,
,Objd872,872,USER_TABLE,2021/10/18,2021/10/18,,
,Objd873,873,VIEW,2016/8/25,2016/8/25,,
,Objd874,874,VIEW,2021/11/2,2021/11/2,,
,Objd875,875,VIEW,2021/4/1,2021/4/1,,
,Objd876,876,USER_TABLE,2019/5/17,2019/5/17,,
,Objd877,877,USER_TABLE,2016/3/1,2016/3/1,,
,Objd878,878,USER_TABLE,2021/11/5,2021/11/5,,
,Objd879,879,USER_TABLE,2019/6/6,2019/6/6,,
,Objd880,880,VIEW,2019/8/19,2019/9/16,,
,Objd881,881,USER_TABLE,2022/4/8,2022/4/8,,
,Objd882,882,USER_TABLE,2019/6/6,2019/6/6,,
,Objd883,883,USER_TABLE,2019/5/16,2019/5/16,,
,Objd884,884,VIEW,2019/8/19,2019/8/19,,
,Objd885,885,USER_TABLE,2020/3/16,2020/3/16,,
,Objd886,886,SQL_STORED_PROCEDURE,2021/10/18,2021/10/18,,
,Objd887,887,SQL_STORED_PROCEDURE,2022/2/4,2022/4/5,,
,Objd888,888,USER_TABLE,2021/10/18,2021/10/18,,
,Objd889,889,VIEW,2021/11/2,2021/11/2,,
,Objd890,890,VIEW,2021/12/13,2021/12/13,,
,Objd891,891,USER_TABLE,2016/3/1,2016/3/1,,
,Objd892,892,USER_TABLE,2021/11/5,2021/11/5,,
,Objd893,893,USER_TABLE,2019/6/6,2019/6/6,,
,Objd894,894,USER_TABLE,2017/9/6,2017/12/17,,
,Objd895,895,VIEW,2019/8/19,2019/9/16,,
,Objd896,896,USER_TABLE,2022/4/8,2022/4/8,,
,Objd897,897,VIEW,2019/8/19,2019/8/19,,
,Objd898,898,SQL_STORED_PROCEDURE,2021/10/18,2021/12/19,,
,Objd899,899,USER_TABLE,2014/12/23,2017/12/17,,
,Objd900,900,USER_TABLE,2021/10/18,2021/12/19,,
,Objd901,901,USER_TABLE,2016/8/26,2016/8/26,,
,Objd902,902,VIEW,2021/11/2,2021/11/2,,
,Objd903,903,SQL_STORED_PROCEDURE,2019/5/17,2019/9/16,,
,Objd904,904,USER_TABLE,2021/11/5,2021/11/5,,
,Objd905,905,VIEW,2019/8/19,2019/9/16,,
,Objd906,906,USER_TABLE,2022/4/8,2022/4/8,,
,Objd907,907,USER_TABLE,2019/5/16,2019/5/16,,
,Objd908,908,VIEW,2019/8/19,2019/8/19,,
,Objd909,909,USER_TABLE,2020/3/16,2020/3/16,,
,Objd910,910,SQL_STORED_PROCEDURE,2021/10/18,2021/10/18,,
,Objd911,911,SQL_STORED_PROCEDURE,2017/3/7,2019/9/16,,
,Objd912,912,VIEW,2021/11/2,2021/11/2,,
,Objd913,913,VIEW,2021/4/7,2021/4/7,,
,Objd914,914,USER_TABLE,2021/10/18,2021/10/18,,
,Objd915,915,SQL_STORED_PROCEDURE,2016/8/26,2016/8/26,,
,Objd916,916,SQL_STORED_PROCEDURE,2018/10/19,2018/10/19,,
,Objd917,917,VIEW,2021/11/2,2021/11/2,,
,Objd918,918,USER_TABLE,2019/5/17,2019/5/17,,
,Objd919,919,USER_TABLE,2016/3/24,2016/3/24,,
,Objd920,920,VIEW,2019/6/28,2019/9/11,,
,Objd921,921,USER_TABLE,2020/12/30,2020/12/30,,
,Objd922,922,USER_TABLE,2021/11/5,2021/11/5,,
,Objd923,923,USER_TABLE,2017/9/6,2017/12/17,,
,Objd924,924,SQL_STORED_PROCEDURE,2015/12/2,2019/9/16,,
,Objd925,925,VIEW,2019/8/19,2019/9/16,,
,Objd926,926,USER_TABLE,2022/4/8,2022/4/8,,
,Objd927,927,USER_TABLE,2019/6/6,2019/6/6,,
,Objd928,928,USER_TABLE,2019/5/16,2020/1/29,,
,Objd929,929,VIEW,2019/8/19,2019/8/19,,
,Objd930,930,SQL_STORED_PROCEDURE,2021/10/18,2021/10/28,,
,Objd931,931,SQL_STORED_PROCEDURE,2017/3/7,2019/9/16,,
,Objd932,932,VIEW,2021/11/2,2021/11/2,,
,Objd933,933,VIEW,2021/4/7,2021/4/7,,
,Objd934,934,USER_TABLE,2021/10/18,2021/10/28,,
,Objd935,935,VIEW,2021/11/2,2021/11/2,,
,Objd936,936,USER_TABLE,2019/5/17,2019/5/17,,
,Objd937,937,USER_TABLE,2021/11/5,2021/11/5,,
,Objd938,938,USER_TABLE,2019/6/6,2019/6/6,,
,Objd939,939,VIEW,2019/8/19,2019/9/16,,
,Objd940,940,USER_TABLE,2022/4/8,2022/4/8,,
,Objd941,941,USER_TABLE,2019/6/6,2019/6/6,,
,Objd942,942,USER_TABLE,2019/5/16,2020/1/29,,
,Objd943,943,VIEW,2019/8/19,2019/8/19,,
,Objd944,944,USER_TABLE,2020/3/16,2020/3/16,,
,Objd945,945,SQL_STORED_PROCEDURE,2021/10/18,2021/10/18,,
,Objd946,946,SQL_STORED_PROCEDURE,2018/2/28,2019/9/16,,
,Objd947,947,VIEW,2021/11/2,2021/11/2,,
,Objd948,948,USER_TABLE,2021/10/18,2021/10/18,,
,Objd949,949,USER_TABLE,2016/8/26,2017/12/17,,
,Objd950,950,VIEW,2021/11/2,2021/11/2,,
,Objd951,951,USER_TABLE,2021/11/5,2021/11/5,,
,Objd952,952,USER_TABLE,2019/6/6,2019/6/6,,
,Objd953,953,USER_TABLE,2017/9/6,2017/12/17,,
,Objd954,954,VIEW,2019/8/19,2019/9/16,,
,Objd955,955,USER_TABLE,2022/4/8,2022/4/8,,
,Objd956,956,USER_TABLE,2019/5/16,2019/5/16,,
,Objd957,957,VIEW,2019/8/19,2019/8/19,,
,Objd958,958,SQL_STORED_PROCEDURE,2021/10/18,2021/10/28,,
,Objd959,959,VIEW,2021/11/2,2021/11/2,,
,Objd960,960,USER_TABLE,2021/10/18,2021/10/20,,
,Objd961,961,VIEW,2021/11/2,2021/11/2,,
,Objd962,962,SQL_STORED_PROCEDURE,2019/5/17,2019/9/16,,
,Objd963,963,USER_TABLE,2016/3/29,2016/3/29,,
,Objd964,964,VIEW,2019/8/19,2019/9/16,,
,Objd965,965,USER_TABLE,2022/4/8,2022/4/8,,
,Objd966,966,SQL_STORED_PROCEDURE,2021/10/25,2022/4/8,,
,Objd967,967,VIEW,2019/8/19,2019/8/19,,
,Objd968,968,USER_TABLE,2020/3/16,2020/3/16,,
,Objd969,969,SQL_STORED_PROCEDURE,2021/10/18,2021/10/18,,
,Objd970,970,VIEW,2021/11/2,2021/11/2,,
,Objd971,971,USER_TABLE,2021/10/18,2021/10/18,,
,Objd972,972,USER_TABLE,2016/8/29,2016/8/29,,
,Objd973,973,VIEW,2021/11/2,2021/11/2,,
,Objd974,974,USER_TABLE,2019/5/17,2019/5/17,,
,Objd975,975,USER_TABLE,2016/3/29,2016/3/29,,
,Objd976,976,VIEW,2019/6/28,2019/7/3,,
,Objd977,977,USER_TABLE,2020/12/30,2021/1/6,,
,Objd978,978,USER_TABLE,2019/6/6,2019/6/6,,
,Objd979,979,SQL_STORED_PROCEDURE,2021/10/29,2021/11/24,,
,Objd980,980,VIEW,2022/3/9,2022/3/15,,
,Objd981,981,USER_TABLE,2019/3/3,2019/4/1,,
,Objd982,982,VIEW,2019/8/19,2019/9/16,,
,Objd983,983,USER_TABLE,2022/4/8,2022/4/8,,
,Objd984,984,USER_TABLE,2019/6/6,2019/6/6,,
,Objd985,985,SQL_STORED_PROCEDURE,2021/10/25,2022/2/28,,
,Objd986,986,USER_TABLE,2019/5/16,2020/1/29,,
,Objd987,987,VIEW,2019/8/19,2019/8/19,,
,Objd988,988,USER_TABLE,2020/3/16,2020/3/16,,
,Objd989,989,SQL_STORED_PROCEDURE,2021/10/18,2021/10/18,,
,Objd990,990,VIEW,2021/11/2,2021/11/2,,
,Objd991,991,USER_TABLE,2021/10/18,2021/10/18,,
,Objd992,992,USER_TABLE,2016/8/29,2016/8/29,,
,Objd993,993,VIEW,2019/9/4,2020/3/18,,
,Objd994,994,VIEW,2021/11/2,2021/11/2,,
,Objd995,995,USER_TABLE,2019/5/17,2019/5/17,,
,Objd996,996,USER_TABLE,2016/3/29,2016/4/27,,
,Objd997,997,VIEW,2019/6/28,2019/7/3,,
,Objd998,998,USER_TABLE,2020/12/30,2021/1/6,,
,Objd999,999,USER_TABLE,2019/6/6,2019/6/6,,
,Objd1000,1000,SQL_STORED_PROCEDURE,2021/10/29,2021/11/24,,
,Objd1001,1001,VIEW,2020/11/9,2020/11/9,,
,Objd1002,1002,VIEW,2022/3/9,2022/3/15,,
,Objd1003,1003,VIEW,2019/8/19,2019/9/16,,
,Objd1004,1004,USER_TABLE,2022/4/8,2022/4/8,,
,Objd1005,1005,USER_TABLE,2019/6/6,2019/6/6,,
,Objd1006,1006,SQL_STORED_PROCEDURE,2021/10/25,2022/2/28,,
,Objd1007,1007,USER_TABLE,2019/5/16,2020/1/29,,
,Objd1008,1008,VIEW,2019/8/19,2019/8/19,,
,Objd1009,1009,SQL_STORED_PROCEDURE,2021/10/18,2021/10/18,,
,Objd1010,1010,USER_TABLE,2017/3/14,2017/3/14,,
,Objd1011,1011,VIEW,2021/7/8,2021/7/8,,
,Objd1012,1012,VIEW,2021/11/2,2021/11/2,,
,Objd1013,1013,USER_TABLE,2021/10/18,2021/10/18,,
,Objd1014,1014,VIEW,2021/11/2,2021/11/2,,
,Objd1015,1015,SQL_STORED_PROCEDURE,2016/4/1,2016/4/1,,
,Objd1016,1016,VIEW,2019/6/28,2019/7/3,,
,Objd1017,1017,VIEW,2019/8/19,2019/9/16,,
,Objd1018,1018,USER_TABLE,2022/4/8,2022/4/8,,
,Objd1019,1019,VIEW,2021/10/25,2021/10/25,,
,Objd1020,1020,USER_TABLE,2019/5/16,2019/5/16,,
,Objd1021,1021,VIEW,2019/8/19,2019/8/19,,
,Objd1022,1022,USER_TABLE,2020/3/16,2020/3/16,,
,Objd1023,1023,SQL_STORED_PROCEDURE,2021/10/18,2021/10/18,,
,Objd1024,1024,SQL_STORED_PROCEDURE,2021/11/11,2021/12/2,,
,Objd1025,1025,USER_TABLE,2018/2/28,2018/2/28,,
,Objd1026,1026,VIEW,2021/11/2,2021/11/2,,
,Objd1027,1027,USER_TABLE,2021/10/18,2021/10/18,,
,Objd1028,1028,USER_TABLE,2016/8/30,2016/8/31,,
,Objd1029,1029,VIEW,2021/11/2,2021/11/2,,
,Objd1030,1030,SQL_STORED_PROCEDURE,2019/5/17,2019/9/16,,
,Objd1031,1031,VIEW,2019/6/28,2019/7/3,,
,Objd1032,1032,VIEW,2021/5/7,2021/5/7,,
,Objd1033,1033,SQL_STORED_PROCEDURE,2021/11/2,2021/11/2,,
,Objd1034,1034,VIEW,2019/8/19,2019/9/16,,
,Objd1035,1035,USER_TABLE,2022/4/8,2022/4/8,,
,Objd1036,1036,VIEW,2021/10/25,2021/10/25,,
,Objd1037,1037,SQL_STORED_PROCEDURE,2015/5/8,2015/5/8,,
,Objd1038,1038,VIEW,2019/8/19,2019/8/19,,
,Objd1039,1039,SQL_STORED_PROCEDURE,2021/10/18,2021/10/18,,
,Objd1040,1040,VIEW,2021/11/2,2021/11/2,,
,Objd1041,1041,USER_TABLE,2021/10/18,2021/10/18,,
,Objd1042,1042,USER_TABLE,2021/12/16,2021/12/16,,
,Objd1043,1043,USER_TABLE,2016/8/30,2016/8/30,,
,Objd1044,1044,VIEW,2018/1/31,2018/1/31,,
,Objd1045,1045,VIEW,2021/11/2,2021/11/2,,
,Objd1046,1046,USER_TABLE,2019/5/17,2019/5/17,,
,Objd1047,1047,VIEW,2019/6/28,2019/7/3,,
,Objd1048,1048,SQL_STORED_PROCEDURE,2019/6/6,2019/6/6,,
,Objd1049,1049,SQL_STORED_PROCEDURE,2021/11/2,2021/11/2,,
,Objd1050,1050,VIEW,2019/8/19,2019/9/16,,
,Objd1051,1051,USER_TABLE,2022/4/8,2022/4/8,,
,Objd1052,1052,USER_TABLE,2019/6/6,2019/6/6,,
,Objd1053,1053,VIEW,2019/8/19,2019/8/19,,
,Objd1054,1054,SQL_STORED_PROCEDURE,2021/10/18,2021/10/18,,
,Objd1055,1055,SQL_STORED_PROCEDURE,2017/3/16,2017/3/16,,
,Objd1056,1056,USER_TABLE,2014/12/24,2021/12/12,,
,Objd1057,1057,VIEW,2021/11/2,2021/11/2,,
,Objd1058,1058,USER_TABLE,2021/10/18,2021/10/18,,
,Objd1059,1059,USER_TABLE,2021/12/16,2021/12/16,,
,Objd1060,1060,USER_TABLE,2016/8/30,2016/8/30,,
,Objd1061,1061,VIEW,2021/11/2,2021/11/2,,
,Objd1062,1062,USER_TABLE,2019/5/17,2019/5/17,,
,Objd1063,1063,VIEW,2019/6/28,2019/7/3,,
,Objd1064,1064,SQL_STORED_PROCEDURE,2019/6/6,2019/6/6,,
,Objd1065,1065,SQL_STORED_PROCEDURE,2021/11/2,2021/11/4,,
,Objd1066,1066,VIEW,2019/8/19,2019/9/16,,
,Objd1067,1067,USER_TABLE,2022/4/8,2022/4/8,,
,Objd1068,1068,SQL_STORED_PROCEDURE,2019/5/16,2019/9/16,,
,Objd1069,1069,VIEW,2019/8/19,2019/8/19,,
,Objd1070,1070,SQL_STORED_PROCEDURE,2021/10/18,2021/10/18,,
,Objd1071,1071,VIEW,2021/11/2,2021/11/2,,
,Objd1072,1072,USER_TABLE,2021/10/18,2021/10/18,,
,Objd1073,1073,SQL_STORED_PROCEDURE,2021/1/29,2021/1/29,,
,Objd1074,1074,VIEW,2021/11/2,2021/11/2,,
,Objd1075,1075,VIEW,2019/6/28,2019/7/3,,
,Objd1076,1076,SQL_STORED_PROCEDURE,2019/6/6,2019/6/6,,
,Objd1077,1077,VIEW,2019/8/19,2019/9/16,,
,Objd1078,1078,USER_TABLE,2022/4/8,2022/4/8,,
,Objd1079,1079,USER_TABLE,2019/6/6,2019/6/6,,
,Objd1080,1080,USER_TABLE,2022/2/22,2022/2/22,,
,Objd1081,1081,USER_TABLE,2017/7/5,2017/12/17,,
,Objd1082,1082,SQL_STORED_PROCEDURE,2019/5/16,2019/9/16,,
,Objd1083,1083,VIEW,2021/9/30,2021/9/30,,
,Objd1084,1084,SQL_STORED_PROCEDURE,2015/5/8,2015/5/8,,
,Objd1085,1085,VIEW,2019/8/19,2019/8/19,,
,Objd1086,1086,SQL_STORED_PROCEDURE,2021/10/18,2021/12/8,,
,Objd1087,1087,VIEW,2021/11/2,2021/11/2,,
,Objd1088,1088,USER_TABLE,2021/10/18,2021/12/8,,
,Objd1089,1089,USER_TABLE,2016/8/30,2017/12/17,,
,Objd1090,1090,VIEW,2021/11/2,2021/11/2,,
,Objd1091,1091,SQL_STORED_PROCEDURE,2019/5/17,2019/9/16,,
,Objd1092,1092,SQL_STORED_PROCEDURE,2021/12/13,2021/12/31,,
,Objd1093,1093,VIEW,2019/6/28,2019/7/3,,
,Objd1094,1094,SQL_STORED_PROCEDURE,2019/6/6,2019/6/6,,
,Objd1095,1095,VIEW,2019/8/19,2019/9/16,,
,Objd1096,1096,SQL_STORED_PROCEDURE,2019/5/16,2019/9/16,,
,Objd1097,1097,VIEW,2021/9/30,2021/9/30,,
,Objd1098,1098,SQL_STORED_PROCEDURE,2022/2/7,2022/2/28,,
,Objd1099,1099,VIEW,2019/8/19,2019/8/19,,
,Objd1100,1100,SQL_STORED_PROCEDURE,2021/10/18,2021/10/18,,
,Objd1101,1101,USER_TABLE,2017/4/19,2017/4/19,,
,Objd1102,1102,VIEW,2021/11/2,2021/11/2,,
,Objd1103,1103,USER_TABLE,2021/10/18,2021/10/18,,
,Objd1104,1104,USER_TABLE,2021/12/16,2021/12/16,,
,Objd1105,1105,VIEW,2022/2/2,2022/2/2,,
,Objd1106,1106,VIEW,2021/11/2,2021/11/2,,
,Objd1107,1107,USER_TABLE,2019/5/17,2019/5/17,,
,Objd1108,1108,SQL_STORED_PROCEDURE,2021/12/13,2021/12/13,,
,Objd1109,1109,USER_TABLE,2016/4/27,2016/4/27,,
,Objd1110,1110,VIEW,2019/6/28,2019/7/3,,
,Objd1111,1111,SQL_STORED_PROCEDURE,2019/6/6,2019/6/6,,
,Objd1112,1112,USER_TABLE,2021/3/29,2021/3/29,,
,Objd1113,1113,VIEW,2019/8/19,2019/9/16,,
,Objd1114,1114,SQL_STORED_PROCEDURE,2019/5/16,2019/9/16,,
,Objd1115,1115,VIEW,2019/8/19,2019/8/19,,
,Objd1116,1116,SQL_STORED_PROCEDURE,2021/10/18,2021/10/18,,
,Objd1117,1117,USER_TABLE,2017/4/19,2017/4/19,,
,Objd1118,1118,VIEW,2021/11/2,2021/11/2,,
,Objd1119,1119,USER_TABLE,2021/10/18,2021/10/18,,
,Objd1120,1120,USER_TABLE,2021/12/16,2021/12/16,,
,Objd1121,1121,VIEW,2021/11/2,2021/11/2,,
,Objd1122,1122,USER_TABLE,2019/5/17,2019/5/17,,
,Objd1123,1123,VIEW,2021/12/13,2021/12/13,,
,Objd1124,1124,USER_TABLE,2016/4/27,2016/4/27,,
,Objd1125,1125,VIEW,2019/6/28,2019/9/11,,
,Objd1126,1126,SQL_STORED_PROCEDURE,2019/6/6,2019/6/6,,
,Objd1127,1127,VIEW,2021/3/29,2021/3/29,,
,Objd1128,1128,VIEW,2019/8/19,2019/9/16,,
,Objd1129,1129,VIEW,2022/2/22,2022/2/22,,
,Objd1130,1130,SQL_STORED_PROCEDURE,2019/5/16,2019/9/16,,
,Objd1131,1131,VIEW,2019/8/19,2019/8/19,,
,Objd1132,1132,SQL_STORED_PROCEDURE,2021/10/18,2021/10/18,,
,Objd1133,1133,USER_TABLE,2017/5/2,2017/5/2,,
,Objd1134,1134,VIEW,2014/12/24,2014/12/24,,
,Objd1135,1135,VIEW,2021/11/2,2021/11/2,,
,Objd1136,1136,USER_TABLE,2021/10/18,2021/10/18,,
,Objd1137,1137,VIEW,2021/11/2,2021/11/2,,
,Objd1138,1138,VIEW,2019/8/13,2019/8/26,,
,Objd1139,1139,USER_TABLE,2016/4/27,2016/4/27,,
,Objd1140,1140,VIEW,2019/6/28,2019/7/3,,
,Objd1141,1141,USER_TABLE,2019/6/6,2019/6/6,,
,Objd1142,1142,VIEW,2019/8/19,2019/9/16,,
,Objd1143,1143,USER_TABLE,2019/6/6,2019/6/6,,
,Objd1144,1144,VIEW,2022/2/22,2022/2/22,,
,Objd1145,1145,SQL_STORED_PROCEDURE,2019/5/16,2019/9/16,,
,Objd1146,1146,VIEW,2019/8/19,2019/8/19,,
,Objd1147,1147,SQL_STORED_PROCEDURE,2021/10/18,2021/10/18,,
,Objd1148,1148,USER_TABLE,2017/5/2,2017/5/2,,
,Objd1149,1149,VIEW,2018/2/28,2018/2/28,,
,Objd1150,1150,VIEW,2021/11/2,2021/11/2,,
,Objd1151,1151,USER_TABLE,2021/10/18,2021/10/18,,
,Objd1152,1152,VIEW,2021/11/2,2021/11/2,,
,Objd1153,1153,VIEW,2019/8/13,2019/8/13,,
,Objd1154,1154,SQL_STORED_PROCEDURE,2019/5/17,2019/9/16,,
,Objd1155,1155,SQL_STORED_PROCEDURE,2016/4/27,2019/9/16,,
,Objd1156,1156,VIEW,2019/6/28,2019/7/3,,
,Objd1157,1157,USER_TABLE,2019/6/6,2019/6/6,,
,Objd1158,1158,SQL_STORED_PROCEDURE,2017/9/6,2019/9/16,,
,Objd1159,1159,VIEW,2019/8/19,2019/9/16,,
,Objd1160,1160,USER_TABLE,2019/6/6,2019/6/6,,
,Objd1161,1161,VIEW,2022/2/22,2022/2/22,,
,Objd1162,1162,SQL_STORED_PROCEDURE,2019/5/16,2019/9/16,,
,Objd1163,1163,VIEW,2019/8/19,2019/8/19,,
,Objd1164,1164,USER_TABLE,2021/4/12,2021/4/12,,
,Objd1165,1165,SQL_STORED_PROCEDURE,2021/10/18,2021/10/18,,
,Objd1166,1166,USER_TABLE,2017/5/2,2017/5/2,,
,Objd1167,1167,USER_TABLE,2018/2/28,2018/2/28,,
,Objd1168,1168,VIEW,2021/11/2,2021/11/5,,
,Objd1169,1169,USER_TABLE,2021/10/18,2021/10/18,,
,Objd1170,1170,USER_TABLE,2018/10/19,2018/10/19,,
,Objd1171,1171,VIEW,2021/11/2,2021/11/2,,
,Objd1172,1172,VIEW,2019/8/13,2019/8/13,,
,Objd1173,1173,USER_TABLE,2019/5/17,2019/5/17,,
,Objd1174,1174,VIEW,2019/6/28,2019/7/3,,
,Objd1175,1175,SQL_STORED_PROCEDURE,2019/3/20,2019/9/16,,
,Objd1176,1176,USER_TABLE,2019/6/6,2019/6/6,,
,Objd1177,1177,VIEW,2019/8/19,2019/9/16,,
,Objd1178,1178,SQL_STORED_PROCEDURE,2021/11/15,2021/11/20,,
,Objd1179,1179,SQL_STORED_PROCEDURE,2019/5/16,2019/9/16,,
,Objd1180,1180,VIEW,2015/7/14,2015/7/14,,
,Objd1181,1181,VIEW,2019/8/19,2019/8/19,,
,Objd1182,1182,SQL_STORED_PROCEDURE,2021/10/18,2021/10/18,,
,Objd1183,1183,USER_TABLE,2017/5/2,2017/5/2,,
,Objd1184,1184,SQL_STORED_PROCEDURE,2018/2/28,2018/2/28,,
,Objd1185,1185,VIEW,2021/11/2,2021/11/5,,
,Objd1186,1186,USER_TABLE,2021/10/18,2021/10/18,,
,Objd1187,1187,VIEW,2021/11/2,2021/11/2,,
,Objd1188,1188,VIEW,2019/8/13,2019/8/13,,
,Objd1189,1189,USER_TABLE,2019/5/17,2019/5/17,,
,Objd1190,1190,VIEW,2019/6/28,2019/7/3,,
,Objd1191,1191,USER_TABLE,2019/6/6,2019/6/6,,
,Objd1192,1192,SQL_STORED_PROCEDURE,2017/9/6,2019/9/16,,
,Objd1193,1193,VIEW,2019/8/19,2019/9/16,,
,Objd1194,1194,VIEW,2022/2/22,2022/2/22,,
,Objd1195,1195,SQL_STORED_PROCEDURE,2019/5/16,2019/9/16,,
,Objd1196,1196,VIEW,2019/8/19,2019/8/19,,
,Objd1197,1197,SQL_STORED_PROCEDURE,2021/10/18,2021/10/18,,
,Objd1198,1198,USER_TABLE,2017/5/2,2017/12/17,,
,Objd1199,1199,VIEW,2021/11/2,2021/11/2,,
,Objd1200,1200,USER_TABLE,2021/10/18,2021/10/18,,
,Objd1201,1201,USER_TABLE,2019/9/6,2019/9/6,,
,Objd1202,1202,VIEW,2021/11/2,2021/11/2,,
,Objd1203,1203,VIEW,2019/8/13,2019/8/13,,
,Objd1204,1204,VIEW,2019/6/28,2019/7/3,,
,Objd1205,1205,SQL_STORED_PROCEDURE,2019/6/6,2019/6/6,,
,Objd1206,1206,VIEW,2016/2/2,2016/2/2,,
,Objd1207,1207,VIEW,2019/8/19,2019/9/16,,
,Objd1208,1208,USER_TABLE,2019/6/6,2019/6/6,,
,Objd1209,1209,SQL_STORED_PROCEDURE,2019/5/16,2019/9/16,,
,Objd1210,1210,USER_TABLE,2021/12/8,2021/12/8,,
,Objd1211,1211,VIEW,2019/8/19,2019/8/19,,
,Objd1212,1212,SQL_STORED_PROCEDURE,2021/10/18,2021/10/18,,
,Objd1213,1213,VIEW,2021/11/2,2021/11/2,,
,Objd1214,1214,USER_TABLE,2021/10/18,2021/10/18,,
,Objd1215,1215,VIEW,2021/11/2,2021/11/2,,
,Objd1216,1216,VIEW,2019/8/13,2019/8/13,,
,Objd1217,1217,SQL_STORED_PROCEDURE,2019/5/17,2019/9/16,,
,Objd1218,1218,VIEW,2020/1/7,2020/1/7,,
,Objd1219,1219,SQL_STORED_PROCEDURE,2016/4/27,2019/9/16,,
,Objd1220,1220,VIEW,2019/6/28,2019/7/3,,
,Objd1221,1221,VIEW,2019/8/19,2019/9/16,,
,Objd1222,1222,USER_TABLE,2019/6/6,2019/6/6,,
,Objd1223,1223,VIEW,2022/2/22,2022/2/22,,
,Objd1224,1224,VIEW,2019/8/19,2019/8/19,,
,Objd1225,1225,SQL_STORED_PROCEDURE,2021/10/18,2021/10/18,,
,Objd1226,1226,SQL_STORED_PROCEDURE,2018/2/28,2018/2/28,,
,Objd1227,1227,VIEW,2021/11/2,2021/11/2,,
,Objd1228,1228,USER_TABLE,2021/10/18,2021/10/18,,
,Objd1229,1229,USER_TABLE,2018/10/19,2018/10/19,,
,Objd1230,1230,VIEW,2021/2/1,2021/2/1,,
,Objd1231,1231,VIEW,2021/11/2,2021/11/2,,
,Objd1232,1232,USER_TABLE,2019/5/17,2019/5/17,,
,Objd1233,1233,USER_TABLE,2020/1/7,2020/1/7,,
,Objd1234,1234,SQL_STORED_PROCEDURE,2016/4/27,2019/9/16,,
,Objd1235,1235,VIEW,2019/6/28,2019/9/11,,
,Objd1236,1236,VIEW,2021/1/4,2021/1/4,,
,Objd1237,1237,VIEW,2019/8/19,2019/9/16,,
,Objd1238,1238,SQL_STORED_PROCEDURE,2017/7/18,2019/9/16,,
,Objd1239,1239,SQL_STORED_PROCEDURE,2019/5/16,2019/9/16,,
,Objd1240,1240,USER_TABLE,2015/10/8,2016/2/4,,
,Objd1241,1241,VIEW,2019/8/19,2019/8/19,,
,Objd1242,1242,USER_TABLE,2022/4/5,2022/4/5,,
,Objd1243,1243,SQL_STORED_PROCEDURE,2021/10/18,2021/10/18,,
,Objd1244,1244,VIEW,2018/2/28,2018/2/28,,
,Objd1245,1245,VIEW,2021/9/21,2022/1/18,,
,Objd1246,1246,VIEW,2021/11/2,2021/11/2,,
,Objd1247,1247,USER_TABLE,2021/10/18,2021/10/18,,
,Objd1248,1248,VIEW,2021/2/1,2021/2/1,,
,Objd1249,1249,VIEW,2021/11/2,2021/11/2,,
,Objd1250,1250,USER_TABLE,2019/5/17,2019/5/17,,
,Objd1251,1251,SQL_STORED_PROCEDURE,2020/1/7,2020/1/7,,
,Objd1252,1252,SQL_STORED_PROCEDURE,2016/4/27,2019/9/16,,
,Objd1253,1253,VIEW,2019/6/28,2019/8/26,,
,Objd1254,1254,USER_TABLE,2016/2/15,2016/2/15,,
,Objd1255,1255,VIEW,2019/8/19,2019/9/16,,
,Objd1256,1256,USER_TABLE,2020/3/19,2020/3/19,,
,Objd1257,1257,VIEW,2022/2/22,2022/2/22,,
,Objd1258,1258,SQL_STORED_PROCEDURE,2019/5/16,2019/9/16,,
,Objd1259,1259,USER_TABLE,2015/10/9,2017/12/17,,
,Objd1260,1260,VIEW,2019/8/19,2019/8/19,,
,Objd1261,1261,SQL_STORED_PROCEDURE,2021/10/18,2021/10/18,,
,Objd1262,1262,SQL_STORED_PROCEDURE,2018/2/28,2018/2/28,,
,Objd1263,1263,VIEW,2021/11/2,2021/11/2,,
,Objd1264,1264,USER_TABLE,2021/10/18,2021/10/18,,
,Objd1265,1265,VIEW,2021/11/2,2021/11/2,,
,Objd1266,1266,VIEW,2019/6/28,2019/9/11,,
,Objd1267,1267,VIEW,2019/8/19,2019/9/16,,
,Objd1268,1268,USER_TABLE,2022/4/8,2022/4/8,,
,Objd1269,1269,USER_TABLE,2019/6/6,2019/6/6,,
,Objd1270,1270,SQL_STORED_PROCEDURE,2021/10/26,2021/11/1,,
,Objd1271,1271,SQL_STORED_PROCEDURE,2019/5/16,2019/9/16,,
,Objd1272,1272,SQL_STORED_PROCEDURE,2015/10/14,2015/10/14,,
,Objd1273,1273,VIEW,2019/8/19,2019/8/19,,
,Objd1274,1274,VIEW,2022/4/5,2022/4/5,,
,Objd1275,1275,SQL_STORED_PROCEDURE,2021/10/18,2021/10/18,,
,Objd1276,1276,VIEW,2021/11/2,2021/11/2,,
,Objd1277,1277,USER_TABLE,2021/10/18,2021/10/18,,
,Objd1278,1278,USER_TABLE,2018/10/19,2018/10/19,,
,Objd1279,1279,VIEW,2021/11/2,2021/11/2,,
,Objd1280,1280,SQL_STORED_PROCEDURE,2019/5/17,2019/9/16,,
,Objd1281,1281,VIEW,2019/6/28,2019/7/3,,
,Objd1282,1282,USER_TABLE,2016/2/16,2017/12/17,,
,Objd1283,1283,VIEW,2019/8/19,2019/9/16,,
,Objd1284,1284,USER_TABLE,2022/4/8,2022/4/8,,
,Objd1285,1285,USER_TABLE,2019/6/6,2019/6/6,,
,Objd1286,1286,SQL_STORED_PROCEDURE,2019/5/16,2019/9/16,,
,Objd1287,1287,USER_TABLE,2021/12/8,2021/12/8,,
,Objd1288,1288,USER_TABLE,2015/10/14,2015/10/14,,
,Objd1289,1289,VIEW,2019/8/19,2019/8/19,,
,Objd1290,1290,SQL_STORED_PROCEDURE,2022/4/5,2022/4/5,,
,Objd1291,1291,SQL_STORED_PROCEDURE,2021/10/18,2021/10/18,,
,Objd1292,1292,VIEW,2021/11/2,2021/11/2,,
,Objd1293,1293,USER_TABLE,2021/10/18,2021/10/18,,
,Objd1294,1294,VIEW,2016/9/6,2016/9/6,,
,Objd1295,1295,USER_TABLE,2019/5/17,2019/5/17,,
,Objd1296,1296,VIEW,2020/1/7,2020/1/7,,
,Objd1297,1297,VIEW,2019/6/28,2019/7/3,,
,Objd1298,1298,SQL_STORED_PROCEDURE,2018/4/4,2019/9/16,,
,Objd1299,1299,USER_TABLE,2021/11/3,2021/11/3,,
,Objd1300,1300,VIEW,2019/8/19,2019/9/16,,
,Objd1301,1301,SQL_STORED_PROCEDURE,2019/5/16,2019/9/16,,
,Objd1302,1302,SQL_STORED_PROCEDURE,2021/12/8,2021/12/8,,
,Objd1303,1303,VIEW,2019/8/19,2019/8/19,,
,Objd1304,1304,VIEW,2022/4/5,2022/4/5,,
,Objd1305,1305,SQL_STORED_PROCEDURE,2021/10/18,2021/10/18,,
,Objd1306,1306,USER_TABLE,2017/5/2,2017/12/17,,
,Objd1307,1307,VIEW,2021/11/2,2021/11/2,,
,Objd1308,1308,USER_TABLE,2021/10/18,2021/10/18,,
,Objd1309,1309,USER_TABLE,2019/5/17,2019/5/17,,
,Objd1310,1310,SQL_STORED_PROCEDURE,2020/1/7,2021/8/31,,
,Objd1311,1311,VIEW,2019/6/28,2019/7/3,,
,Objd1312,1312,USER_TABLE,2021/11/3,2021/11/3,,
,Objd1313,1313,VIEW,2019/8/19,2019/9/16,,
,Objd1314,1314,SQL_STORED_PROCEDURE,2019/5/16,2019/9/16,,
,Objd1315,1315,VIEW,2019/8/19,2019/8/19,,
,Objd1316,1316,SQL_STORED_PROCEDURE,2021/10/18,2021/10/18,,
,Objd1317,1317,VIEW,2021/11/2,2021/11/2,,
,Objd1318,1318,USER_TABLE,2021/10/18,2021/10/18,,
,Objd1319,1319,SQL_STORED_PROCEDURE,2020/1/7,2020/1/7,,
,Objd1320,1320,VIEW,2019/6/28,2019/7/3,,
,Objd1321,1321,VIEW,2022/1/31,2022/1/31,,
,Objd1322,1322,SQL_STORED_PROCEDURE,2021/11/3,2021/11/24,,
,Objd1323,1323,VIEW,2019/8/19,2019/9/16,,
,Objd1324,1324,USER_TABLE,2019/6/6,2019/6/6,,
,Objd1325,1325,USER_TABLE,2021/12/8,2021/12/8,,
,Objd1326,1326,VIEW,2019/8/19,2019/8/19,,
,Objd1327,1327,SQL_STORED_PROCEDURE,2021/10/18,2021/10/18,,
,Objd1328,1328,USER_TABLE,2017/5/2,2017/12/17,,
,Objd1329,1329,VIEW,2021/11/2,2021/11/2,,
,Objd1330,1330,USER_TABLE,2021/10/18,2021/10/18,,
,Objd1331,1331,SQL_STORED_PROCEDURE,2018/10/19,2018/10/19,,
,Objd1332,1332,SQL_STORED_PROCEDURE,2019/5/17,2019/9/16,,
,Objd1333,1333,SQL_STORED_PROCEDURE,2020/1/7,2020/1/7,,
,Objd1334,1334,VIEW,2019/6/28,2019/8/26,,
,Objd1335,1335,SQL_STORED_PROCEDURE,2021/1/6,2021/1/6,,
,Objd1336,1336,VIEW,2019/8/19,2019/9/16,,
,Objd1337,1337,USER_TABLE,2019/6/6,2019/6/6,,
,Objd1338,1338,SQL_STORED_PROCEDURE,2021/12/8,2021/12/8,,
,Objd1339,1339,VIEW,2019/8/19,2019/8/19,,
,Objd1340,1340,SQL_STORED_PROCEDURE,2021/10/18,2021/10/18,,
,Objd1341,1341,VIEW,2021/11/2,2021/11/2,,
,Objd1342,1342,USER_TABLE,2021/10/18,2021/10/18,,
,Objd1343,1343,USER_TABLE,2019/5/17,2019/5/17,,
,Objd1344,1344,VIEW,2019/6/28,2020/3/18,,
,Objd1345,1345,VIEW,2019/8/19,2019/9/16,,
,Objd1346,1346,SQL_STORED_PROCEDURE,2015/10/14,2015/10/14,,
,Objd1347,1347,VIEW,2019/8/19,2019/8/19,,
,Objd1348,1348,SQL_STORED_PROCEDURE,2021/10/18,2021/10/18,,
,Objd1349,1349,VIEW,2021/11/2,2021/11/2,,
,Objd1350,1350,SQL_STORED_PROCEDURE,2021/11/23,2021/11/23,,
,Objd1351,1351,USER_TABLE,2021/10/18,2021/10/18,,
,Objd1352,1352,SQL_STORED_PROCEDURE,2016/11/1,2016/11/1,,
,Objd1353,1353,USER_TABLE,2019/5/17,2019/5/17,,
,Objd1354,1354,VIEW,2019/6/28,2019/8/26,,
,Objd1355,1355,VIEW,2019/8/19,2019/9/16,,
,Objd1356,1356,SQL_STORED_PROCEDURE,2015/10/14,2015/10/14,,
,Objd1357,1357,VIEW,2019/8/19,2019/8/19,,
,Objd1358,1358,SQL_STORED_PROCEDURE,2021/10/18,2021/10/18,,
,Objd1359,1359,VIEW,2021/11/2,2021/11/2,,
,Objd1360,1360,USER_TABLE,2021/10/18,2021/10/18,,
,Objd1361,1361,VIEW,2021/2/5,2021/2/5,,
,Objd1362,1362,USER_TABLE,2021/11/20,2021/11/20,,
,Objd1363,1363,VIEW,2019/6/28,2019/8/26,,
,Objd1364,1364,VIEW,2021/1/7,2021/1/7,,
,Objd1365,1365,VIEW,2019/8/19,2019/9/16,,
,Objd1366,1366,USER_TABLE,2019/6/6,2019/6/6,,
,Objd1367,1367,SQL_STORED_PROCEDURE,2015/10/14,2015/10/14,,
,Objd1368,1368,VIEW,2019/8/19,2019/8/19,,
,Objd1369,1369,SQL_STORED_PROCEDURE,2021/10/18,2021/10/18,,
,Objd1370,1370,VIEW,2017/5/3,2017/5/3,,
,Objd1371,1371,VIEW,2021/11/2,2021/11/2,,
,Objd1372,1372,USER_TABLE,2021/10/18,2021/10/18,,
,Objd1373,1373,SQL_STORED_PROCEDURE,2019/9/9,2019/9/16,,
,Objd1374,1374,SQL_STORED_PROCEDURE,2019/5/17,2019/9/16,,
,Objd1375,1375,VIEW,2020/1/7,2020/1/7,,
,Objd1376,1376,VIEW,2019/6/28,2019/7/3,,
,Objd1377,1377,VIEW,2019/8/19,2019/9/16,,
,Objd1378,1378,USER_TABLE,2019/6/6,2019/6/6,,
,Objd1379,1379,SQL_STORED_PROCEDURE,2015/10/14,2015/10/14,,
,Objd1380,1380,VIEW,2019/8/19,2019/8/19,,
,Objd1381,1381,SQL_STORED_PROCEDURE,2021/10/18,2021/10/18,,
,Objd1382,1382,VIEW,2021/11/2,2021/11/2,,
,Objd1383,1383,VIEW,2022/2/17,2022/2/28,,
,Objd1384,1384,USER_TABLE,2019/8/15,2019/8/15,,
,Objd1385,1385,SQL_STORED_PROCEDURE,2019/5/17,2019/9/16,,
,Objd1386,1386,VIEW,2020/1/7,2020/1/7,,
,Objd1387,1387,VIEW,2019/6/28,2019/7/3,,
,Objd1388,1388,VIEW,2019/8/19,2019/9/16,,
,Objd1389,1389,SQL_STORED_PROCEDURE,2015/10/14,2015/10/14,,
,Objd1390,1390,VIEW,2019/8/19,2019/8/19,,
,Objd1391,1391,USER_TABLE,2021/4/28,2021/4/28,,
,Objd1392,1392,VIEW,2021/11/2,2021/11/5,,
,Objd1393,1393,USER_TABLE,2019/8/15,2019/8/15,,
,Objd1394,1394,SQL_STORED_PROCEDURE,2019/5/17,2019/9/16,,
,Objd1395,1395,VIEW,2020/1/7,2020/1/7,,
,Objd1396,1396,VIEW,2019/6/28,2019/6/28,,
,Objd1397,1397,VIEW,2019/8/19,2019/9/16,,
,Objd1398,1398,SQL_STORED_PROCEDURE,2015/10/14,2015/10/14,,
,Objd1399,1399,VIEW,2019/8/19,2019/8/19,,
,Objd1400,1400,VIEW,2021/11/2,2021/11/5,,
,Objd1401,1401,VIEW,2020/2/17,2020/2/17,,
,Objd1402,1402,USER_TABLE,2016/11/1,2016/11/1,,
,Objd1403,1403,USER_TABLE,2019/8/15,2019/8/15,,
,Objd1404,1404,SQL_STORED_PROCEDURE,2019/5/17,2019/9/16,,
,Objd1405,1405,VIEW,2019/6/28,2019/7/3,,
,Objd1406,1406,VIEW,2019/8/19,2019/9/16,,
,Objd1407,1407,USER_TABLE,2019/6/6,2019/6/6,,
,Objd1408,1408,SQL_STORED_PROCEDURE,2021/10/26,2021/12/3,,
,Objd1409,1409,VIEW,2019/8/19,2019/8/19,,
,Objd1410,1410,VIEW,2021/11/2,2021/11/2,,
,Objd1411,1411,SQL_STORED_PROCEDURE,2022/3/3,2022/3/3,,
,Objd1412,1412,USER_TABLE,2019/5/17,2019/5/17,,
,Objd1413,1413,VIEW,2019/6/28,2019/6/28,,
,Objd1414,1414,SQL_STORED_PROCEDURE,2021/1/8,2021/1/8,,
,Objd1415,1415,VIEW,2019/8/19,2019/9/16,,
,Objd1416,1416,USER_TABLE,2019/6/6,2019/6/6,,
,Objd1417,1417,SQL_STORED_PROCEDURE,2021/10/26,2021/10/26,,
,Objd1418,1418,SQL_STORED_PROCEDURE,2019/7/17,2019/7/17,,
,Objd1419,1419,VIEW,2019/8/19,2019/8/19,,
,Objd1420,1420,USER_TABLE,2017/6/8,2017/6/8,,
,Objd1421,1421,VIEW,2021/11/2,2021/11/5,,
,Objd1422,1422,USER_TABLE,2019/8/15,2019/8/15,,
,Objd1423,1423,USER_TABLE,2019/5/17,2019/5/17,,
,Objd1424,1424,VIEW,2019/6/28,2019/6/28,,
,Objd1425,1425,VIEW,2019/8/22,2019/9/16,,
,Objd1426,1426,VIEW,2021/11/29,2021/11/29,,
,Objd1427,1427,SQL_STORED_PROCEDURE,2019/7/30,2019/7/30,,
,Objd1428,1428,SQL_STORED_PROCEDURE,2019/12/2,2019/12/2,,
,Objd1429,1429,VIEW,2019/8/19,2019/9/16,,
,Objd1430,1430,SQL_STORED_PROCEDURE,2021/10/26,2022/3/1,,
,Objd1431,1431,VIEW,2019/8/19,2019/8/21,,
,Objd1432,1432,USER_TABLE,2017/6/8,2017/6/8,,
,Objd1433,1433,SQL_STORED_PROCEDURE,2018/3/1,2019/9/16,,
,Objd1434,1434,VIEW,2021/11/2,2021/11/5,,
,Objd1435,1435,VIEW,2021/2/8,2021/11/23,,
,Objd1436,1436,SQL_STORED_PROCEDURE,2019/8/15,2019/9/16,,
,Objd1437,1437,VIEW,2016/6/2,2016/6/2,,
,Objd1438,1438,VIEW,2019/6/28,2019/9/11,,
,Objd1439,1439,VIEW,2019/12/2,2021/11/2,,
,Objd1440,1440,VIEW,2019/8/19,2019/9/16,,
,Objd1441,1441,SQL_STORED_PROCEDURE,2021/10/26,2021/10/26,,
,Objd1442,1442,VIEW,2019/8/19,2019/8/19,,
,Objd1443,1443,USER_TABLE,2017/6/8,2017/6/8,,
,Objd1444,1444,SQL_STORED_PROCEDURE,2018/3/1,2019/9/16,,
,Objd1445,1445,VIEW,2021/11/2,2021/11/5,,
,Objd1446,1446,SQL_STORED_PROCEDURE,2016/11/3,2016/11/3,,
,Objd1447,1447,SQL_STORED_PROCEDURE,2019/8/15,2019/9/16,,
,Objd1448,1448,SQL_STORED_PROCEDURE,2019/5/17,2019/9/16,,
,Objd1449,1449,VIEW,2019/6/28,2019/7/3,,
,Objd1450,1450,USER_TABLE,2021/1/8,2021/1/8,,
,Objd1451,1451,VIEW,2019/8/19,2019/9/16,,
,Objd1452,1452,USER_TABLE,2019/6/6,2019/6/6,,
,Objd1453,1453,SQL_STORED_PROCEDURE,2021/10/26,2022/2/15,,
,Objd1454,1454,VIEW,2019/8/19,2019/8/19,,
,Objd1455,1455,USER_TABLE,2017/6/8,2017/6/8,,
,Objd1456,1456,VIEW,2021/11/2,2021/11/2,,
,Objd1457,1457,VIEW,2020/7/1,2020/7/1,,
,Objd1458,1458,USER_TABLE,2019/5/17,2019/5/17,,
,Objd1459,1459,VIEW,2019/6/28,2019/7/3,,
,Objd1460,1460,SQL_STORED_PROCEDURE,2021/11/29,2021/11/29,,
,Objd1461,1461,VIEW,2019/8/19,2019/9/16,,
,Objd1462,1462,VIEW,2021/8/27,2021/8/27,,
,Objd1463,1463,USER_TABLE,2019/6/6,2019/6/6,,
,Objd1464,1464,SQL_STORED_PROCEDURE,2021/10/26,2021/11/2,,
,Objd1465,1465,VIEW,2019/8/19,2019/8/19,,
,Objd1466,1466,VIEW,2021/11/2,2021/11/2,,
,Objd1467,1467,USER_TABLE,2019/5/17,2019/5/17,,
,Objd1468,1468,VIEW,2019/6/28,2019/9/11,,
,Objd1469,1469,VIEW,2019/8/19,2019/9/16,,
,Objd1470,1470,SQL_STORED_PROCEDURE,2021/8/27,2021/8/27,,
,Objd1471,1471,SQL_STORED_PROCEDURE,2021/10/26,2022/1/27,,
,Objd1472,1472,VIEW,2019/8/19,2019/8/19,,
,Objd1473,1473,USER_TABLE,2021/4/12,2021/4/12,,
,Objd1474,1474,VIEW,2021/11/2,2021/11/6,,
,Objd1475,1475,VIEW,2019/6/28,2019/9/11,,
,Objd1476,1476,VIEW,2019/8/19,2019/9/16,,
,Objd1477,1477,VIEW,2019/8/19,2019/8/19,,
,Objd1478,1478,USER_TABLE,2021/4/12,2021/4/12,,
,Objd1479,1479,USER_TABLE,2014/12/30,2017/12/17,,
,Objd1480,1480,VIEW,2021/11/2,2021/11/2,,
,Objd1481,1481,SQL_STORED_PROCEDURE,2019/5/17,2019/9/16,,
,Objd1482,1482,VIEW,2019/6/28,2019/6/28,,
,Objd1483,1483,USER_TABLE,2019/3/8,2019/3/8,,
,Objd1484,1484,VIEW,2019/8/19,2019/9/16,,
,Objd1485,1485,USER_TABLE,2021/11/27,2021/11/27,,
,Objd1486,1486,USER_TABLE,2019/6/6,2019/6/6,,
,Objd1487,1487,VIEW,2020/3/27,2020/3/27,,
,Objd1488,1488,VIEW,2019/8/19,2019/8/19,,
,Objd1489,1489,VIEW,2021/11/2,2021/11/2,,
,Objd1490,1490,USER_TABLE,2021/4/9,2021/4/9,,
,Objd1491,1491,SQL_STORED_PROCEDURE,2016/11/7,2016/11/7,,
,Objd1492,1492,USER_TABLE,2019/5/17,2019/5/17,,
,Objd1493,1493,VIEW,2019/6/28,2019/7/3,,
,Objd1494,1494,USER_TABLE,2019/3/8,2019/3/8,,
,Objd1495,1495,VIEW,2019/8/19,2019/9/16,,
,Objd1496,1496,USER_TABLE,2019/6/6,2019/6/6,,
,Objd1497,1497,VIEW,2019/8/19,2019/8/19,,
,Objd1498,1498,VIEW,2021/11/2,2021/11/6,,
,Objd1499,1499,USER_TABLE,2022/3/3,2022/3/3,,
,Objd1500,1500,SQL_STORED_PROCEDURE,2021/11/23,2022/4/7,,
,Objd1501,1501,USER_TABLE,2019/5/17,2019/5/17,,
,Objd1502,1502,VIEW,2019/6/28,2019/9/11,,
,Objd1503,1503,VIEW,2019/8/19,2019/9/16,,
,Objd1504,1504,VIEW,2020/3/27,2020/3/27,,
,Objd1505,1505,VIEW,2019/8/19,2019/8/19,,
,Objd1506,1506,VIEW,2021/11/2,2021/11/6,,
,Objd1507,1507,USER_TABLE,2021/4/9,2021/4/9,,
,Objd1508,1508,VIEW,2020/7/2,2020/7/2,,
,Objd1509,1509,VIEW,2019/6/28,2021/4/9,,
,Objd1510,1510,SQL_STORED_PROCEDURE,2018/4/6,2018/4/6,,
,Objd1511,1511,SQL_STORED_PROCEDURE,2019/3/8,2019/9/16,,
,Objd1512,1512,VIEW,2019/8/19,2019/9/16,,
,Objd1513,1513,VIEW,2020/3/27,2020/3/27,,
,Objd1514,1514,USER_TABLE,2021/10/1,2021/10/1,,
,Objd1515,1515,VIEW,2019/8/19,2019/8/19,,
,Objd1516,1516,USER_TABLE,2017/6/8,2017/12/17,,
,Objd1517,1517,VIEW,2021/11/2,2021/11/6,,
,Objd1518,1518,USER_TABLE,2021/4/9,2021/4/9,,
,Objd1519,1519,SQL_STORED_PROCEDURE,2019/5/17,2019/9/16,,
,Objd1520,1520,VIEW,2019/6/28,2019/8/26,,
,Objd1521,1521,VIEW,2019/8/19,2019/9/16,,
,Objd1522,1522,USER_TABLE,2019/6/6,2019/6/6,,
,Objd1523,1523,VIEW,2020/3/27,2020/3/27,,
,Objd1524,1524,USER_TABLE,2015/10/23,2015/10/23,,
,Objd1525,1525,VIEW,2019/8/19,2019/8/19,,
,Objd1526,1526,VIEW,2018/3/2,2018/3/2,,
,Objd1527,1527,USER_TABLE,2014/12/30,2017/12/17,,
,Objd1528,1528,VIEW,2021/11/2,2021/11/2,,
,Objd1529,1529,USER_TABLE,2021/4/9,2021/4/9,,
,Objd1530,1530,USER_TABLE,2019/5/17,2019/5/17,,
,Objd1531,1531,VIEW,2019/6/28,2019/6/28,,
,Objd1532,1532,VIEW,2019/8/19,2019/9/16,,
,Objd1533,1533,USER_TABLE,2019/6/6,2019/6/6,,
,Objd1534,1534,VIEW,2020/3/27,2020/3/27,,
,Objd1535,1535,USER_TABLE,2015/10/23,2015/10/23,,
,Objd1536,1536,VIEW,2019/8/19,2019/8/19,,
,Objd1537,1537,USER_TABLE,2018/3/2,2018/3/2,,
,Objd1538,1538,VIEW,2021/11/2,2021/11/5,,
,Objd1539,1539,USER_TABLE,2022/1/25,2022/1/25,,
,Objd1540,1540,USER_TABLE,2019/5/17,2019/5/17,,
,Objd1541,1541,SQL_STORED_PROCEDURE,2016/7/1,2016/7/1,,
,Objd1542,1542,VIEW,2019/6/28,2019/9/11,,
,Objd1543,1543,VIEW,2019/8/19,2019/9/16,,
,Objd1544,1544,USER_TABLE,2015/10/26,2017/12/17,,
,Objd1545,1545,VIEW,2019/8/19,2019/8/19,,
,Objd1546,1546,VIEW,2021/11/2,2021/11/2,,
,Objd1547,1547,USER_TABLE,2016/11/8,2017/12/17,,
,Objd1548,1548,USER_TABLE,2017/10/4,2021/8/23,,
,Objd1549,1549,VIEW,2019/6/28,2019/7/3,,
,Objd1550,1550,USER_TABLE,2019/8/1,2019/8/1,,
,Objd1551,1551,VIEW,2019/8/19,2019/9/16,,
,Objd1552,1552,SQL_STORED_PROCEDURE,2017/8/4,2017/8/4,,
,Objd1553,1553,VIEW,2019/8/19,2019/8/19,,
,Objd1554,1554,SQL_STORED_PROCEDURE,2020/3/16,2020/3/16,,
,Objd1555,1555,VIEW,2021/11/2,2021/11/2,,
,Objd1556,1556,VIEW,2021/11/2,2021/11/2,,
,Objd1557,1557,SQL_STORED_PROCEDURE,2019/5/17,2019/9/16,,
,Objd1558,1558,VIEW,2019/8/19,2019/9/16,,
,Objd1559,1559,USER_TABLE,2019/6/6,2019/6/6,,
,Objd1560,1560,USER_TABLE,2017/8/7,2017/8/7,,
,Objd1561,1561,SQL_STORED_PROCEDURE,2015/10/26,2019/9/16,,
,Objd1562,1562,VIEW,2019/8/19,2019/8/20,,
,Objd1563,1563,SQL_STORED_PROCEDURE,2020/3/16,2020/3/16,,
,Objd1564,1564,VIEW,2021/11/2,2021/11/2,,
,Objd1565,1565,USER_TABLE,2022/1/25,2022/1/25,,
,Objd1566,1566,USER_TABLE,2016/11/8,2016/11/8,,
,Objd1567,1567,VIEW,2021/11/2,2021/11/2,,
,Objd1568,1568,USER_TABLE,2019/5/17,2019/5/17,,
,Objd1569,1569,USER_TABLE,2020/1/15,2020/1/15,,
,Objd1570,1570,USER_TABLE,2021/12/14,2021/12/14,,
,Objd1571,1571,VIEW,2019/6/28,2019/6/28,,
,Objd1572,1572,VIEW,2019/8/19,2019/9/16,,
,Objd1573,1573,USER_TABLE,2019/6/6,2019/6/6,,
,Objd1574,1574,USER_TABLE,2017/8/7,2017/8/7,,
,Objd1575,1575,USER_TABLE,2015/10/26,2015/10/26,,
,Objd1576,1576,VIEW,2019/8/19,2019/8/19,,
,Objd1577,1577,SQL_STORED_PROCEDURE,2020/3/16,2020/3/16,,
,Objd1578,1578,USER_TABLE,2014/12/30,2017/12/17,,
,Objd1579,1579,VIEW,2021/11/2,2021/11/2,,
,Objd1580,1580,SQL_STORED_PROCEDURE,2019/6/28,2019/6/28,,
,Objd1581,1581,VIEW,2019/9/12,2019/9/17,,
,Objd1582,1582,USER_TABLE,2019/5/17,2019/5/17,,
,Objd1583,1583,USER_TABLE,2016/7/8,2016/7/13,,
,Objd1584,1584,VIEW,2019/6/28,2019/9/11,,
,Objd1585,1585,SQL_STORED_PROCEDURE,2022/3/28,2022/3/28,,
,Objd1586,1586,VIEW,2019/8/19,2019/9/16,,
,Objd1587,1587,USER_TABLE,2017/8/7,2017/8/7,,
,Objd1588,1588,VIEW,2019/8/19,2019/8/19,,
,Objd1589,1589,SQL_STORED_PROCEDURE,2020/3/16,2020/3/16,,
,Objd1590,1590,USER_TABLE,2017/6/8,2017/12/17,,
,Objd1591,1591,VIEW,2021/11/2,2021/11/5,,
,Objd1592,1592,VIEW,2019/6/28,2019/7/3,,
,Objd1593,1593,SQL_STORED_PROCEDURE,2017/9/11,2017/9/11,,
,Objd1594,1594,VIEW,2019/8/19,2019/9/16,,
,Objd1595,1595,USER_TABLE,2017/8/7,2017/8/7,,
,Objd1596,1596,USER_TABLE,2022/3/25,2022/3/25,,
,Objd1597,1597,SQL_STORED_PROCEDURE,2015/10/26,2019/9/16,,
,Objd1598,1598,VIEW,2019/8/19,2019/8/19,,
,Objd1599,1599,SQL_STORED_PROCEDURE,2020/3/16,2020/3/16,,
,Objd1600,1600,SQL_STORED_PROCEDURE,2016/11/8,2016/11/8,,
,Objd1601,1601,SQL_STORED_PROCEDURE,2019/5/17,2019/9/16,,
,Objd1602,1602,SQL_STORED_PROCEDURE,2021/12/14,2021/12/14,,
,Objd1603,1603,VIEW,2019/6/28,2019/7/3,,
,Objd1604,1604,VIEW,2019/8/19,2019/9/16,,
,Objd1605,1605,USER_TABLE,2019/6/6,2019/6/6,,
,Objd1606,1606,USER_TABLE,2017/8/7,2017/12/17,,
,Objd1607,1607,USER_TABLE,2021/6/17,2021/6/17,,
,Objd1608,1608,VIEW,2019/8/19,2019/8/21,,
,Objd1609,1609,SQL_STORED_PROCEDURE,2020/3/16,2020/3/16,,
,Objd1610,1610,USER_TABLE,2017/6/8,2017/12/17,,
,Objd1611,1611,USER_TABLE,2016/11/11,2016/11/11,,
,Objd1612,1612,USER_TABLE,2019/5/17,2019/5/17,,
,Objd1613,1613,USER_TABLE,2021/12/14,2021/12/14,,
,Objd1614,1614,VIEW,2019/6/28,2019/9/11,,
,Objd1615,1615,VIEW,2019/8/19,2019/9/16,,
,Objd1616,1616,USER_TABLE,2019/6/6,2019/6/6,,
,Objd1617,1617,USER_TABLE,2022/2/23,2022/2/23,,
,Objd1618,1618,VIEW,2019/8/19,2019/8/19,,
